Location;Title;Date;Image;Link
Anthea;A.D.A. : L’Argent Des Autres;2024-05-14;https://www.anthea-antibes.fr/img/spectacles/saison-2023-2024/2023-05-995-a-d-a-l-argent-des-autres.png;https://www.anthea-antibes.fr/fr/spectacles/saison-2023-2024/l-incontournable/a-d-a-l-argent-des-autres
Anthea;A.D.A. : L’Argent Des Autres;2024-05-15;https://www.anthea-antibes.fr/img/spectacles/saison-2023-2024/2023-05-995-a-d-a-l-argent-des-autres.png;https://www.anthea-antibes.fr/fr/spectacles/saison-2023-2024/l-incontournable/a-d-a-l-argent-des-autres
Anthea;A.D.A. : L’Argent Des Autres;2024-05-16;https://www.anthea-antibes.fr/img/spectacles/saison-2023-2024/2023-05-995-a-d-a-l-argent-des-autres.png;https://www.anthea-antibes.fr/fr/spectacles/saison-2023-2024/l-incontournable/a-d-a-l-argent-des-autres
Anthea;A.D.A. : L’Argent Des Autres;2024-05-21;https://www.anthea-antibes.fr/img/spectacles/saison-2023-2024/2023-05-995-a-d-a-l-argent-des-autres.png;https://www.anthea-antibes.fr/fr/spectacles/saison-2023-2024/l-incontournable/a-d-a-l-argent-des-autres
Anthea;A.D.A. : L’Argent Des Autres;2024-05-22;https://www.anthea-antibes.fr/img/spectacles/saison-2023-2024/2023-05-995-a-d-a-l-argent-des-autres.png;https://www.anthea-antibes.fr/fr/spectacles/saison-2023-2024/l-incontournable/a-d-a-l-argent-des-autres
Anthea;A.D.A. : L’Argent Des Autres;2024-05-23;https://www.anthea-antibes.fr/img/spectacles/saison-2023-2024/2023-05-995-a-d-a-l-argent-des-autres.png;https://www.anthea-antibes.fr/fr/spectacles/saison-2023-2024/l-incontournable/a-d-a-l-argent-des-autres
Anthea;A.D.A. : L’Argent Des Autres;2024-05-24;https://www.anthea-antibes.fr/img/spectacles/saison-2023-2024/2023-05-995-a-d-a-l-argent-des-autres.png;https://www.anthea-antibes.fr/fr/spectacles/saison-2023-2024/l-incontournable/a-d-a-l-argent-des-autres
Anthea;A.D.A. : L’Argent Des Autres;2024-05-25;https://www.anthea-antibes.fr/img/spectacles/saison-2023-2024/2023-05-995-a-d-a-l-argent-des-autres.png;https://www.anthea-antibes.fr/fr/spectacles/saison-2023-2024/l-incontournable/a-d-a-l-argent-des-autres
Anthea;A.D.A. : L’Argent Des Autres;2024-05-28;https://www.anthea-antibes.fr/img/spectacles/saison-2023-2024/2023-05-995-a-d-a-l-argent-des-autres.png;https://www.anthea-antibes.fr/fr/spectacles/saison-2023-2024/l-incontournable/a-d-a-l-argent-des-autres
Anthea;A.D.A. : L’Argent Des Autres;2024-05-29;https://www.anthea-antibes.fr/img/spectacles/saison-2023-2024/2023-05-995-a-d-a-l-argent-des-autres.png;https://www.anthea-antibes.fr/fr/spectacles/saison-2023-2024/l-incontournable/a-d-a-l-argent-des-autres
Anthea;A.D.A. : L’Argent Des Autres;2024-05-30;https://www.anthea-antibes.fr/img/spectacles/saison-2023-2024/2023-05-995-a-d-a-l-argent-des-autres.png;https://www.anthea-antibes.fr/fr/spectacles/saison-2023-2024/l-incontournable/a-d-a-l-argent-des-autres
Anthea;A.D.A. : L’Argent Des Autres;2024-05-31;https://www.anthea-antibes.fr/img/spectacles/saison-2023-2024/2023-05-995-a-d-a-l-argent-des-autres.png;https://www.anthea-antibes.fr/fr/spectacles/saison-2023-2024/l-incontournable/a-d-a-l-argent-des-autres
Anthea;A.D.A. : L’Argent Des Autres;2024-06-01;https://www.anthea-antibes.fr/img/spectacles/saison-2023-2024/2023-05-995-a-d-a-l-argent-des-autres.png;https://www.anthea-antibes.fr/fr/spectacles/saison-2023-2024/l-incontournable/a-d-a-l-argent-des-autres
Anthea;A.D.A. : L’Argent Des Autres;2024-06-02;https://www.anthea-antibes.fr/img/spectacles/saison-2023-2024/2023-05-995-a-d-a-l-argent-des-autres.png;https://www.anthea-antibes.fr/fr/spectacles/saison-2023-2024/l-incontournable/a-d-a-l-argent-des-autres
Anthea;A.D.A. : L’Argent Des Autres;2024-06-04;https://www.anthea-antibes.fr/img/spectacles/saison-2023-2024/2023-05-995-a-d-a-l-argent-des-autres.png;https://www.anthea-antibes.fr/fr/spectacles/saison-2023-2024/l-incontournable/a-d-a-l-argent-des-autres
Anthea;A.D.A. : L’Argent Des Autres;2024-06-05;https://www.anthea-antibes.fr/img/spectacles/saison-2023-2024/2023-05-995-a-d-a-l-argent-des-autres.png;https://www.anthea-antibes.fr/fr/spectacles/saison-2023-2024/l-incontournable/a-d-a-l-argent-des-autres
Anthea;PIANO PIANO | IMMERSION #37;2024-06-01;https://www.anthea-antibes.fr/img/spectacles/saison-2023-2024/2024-05-1262-piano-piano.jpg;https://www.anthea-antibes.fr/fr/spectacles/saison-2023-2024/tout-le-spectacle-vivant/immersion-37
Anthea;Le Secret des secrets;2024-06-05;https://www.anthea-antibes.fr/img/spectacles/saison-2023-2024/2023-05-1055-le-secret-des-secrets.png;https://www.anthea-antibes.fr/fr/spectacles/saison-2023-2024/tout-le-theatre/le-secret-des-secrets
Anthea;Le Secret des secrets;2024-06-06;https://www.anthea-antibes.fr/img/spectacles/saison-2023-2024/2023-05-1055-le-secret-des-secrets.png;https://www.anthea-antibes.fr/fr/spectacles/saison-2023-2024/tout-le-theatre/le-secret-des-secrets
Anthea;Le Secret des secrets;2024-06-07;https://www.anthea-antibes.fr/img/spectacles/saison-2023-2024/2023-05-1055-le-secret-des-secrets.png;https://www.anthea-antibes.fr/fr/spectacles/saison-2023-2024/tout-le-theatre/le-secret-des-secrets
Anthea;Le Secret des secrets;2024-06-08;https://www.anthea-antibes.fr/img/spectacles/saison-2023-2024/2023-05-1055-le-secret-des-secrets.png;https://www.anthea-antibes.fr/fr/spectacles/saison-2023-2024/tout-le-theatre/le-secret-des-secrets
Anthea;Le Secret des secrets;2024-06-08;https://www.anthea-antibes.fr/img/spectacles/saison-2023-2024/2023-05-1055-le-secret-des-secrets.png;https://www.anthea-antibes.fr/fr/spectacles/saison-2023-2024/tout-le-theatre/le-secret-des-secrets
Anthea;Le Secret des secrets;2024-06-09;https://www.anthea-antibes.fr/img/spectacles/saison-2023-2024/2023-05-1055-le-secret-des-secrets.png;https://www.anthea-antibes.fr/fr/spectacles/saison-2023-2024/tout-le-theatre/le-secret-des-secrets
Anthea;Oublie-moi;2024-06-06;https://www.anthea-antibes.fr/img/spectacles/saison-2023-2024/2023-05-1046-oublie-moi.png;https://www.anthea-antibes.fr/fr/spectacles/saison-2023-2024/tout-le-theatre/oublie-moi
Anthea;Oublie-moi;2024-06-07;https://www.anthea-antibes.fr/img/spectacles/saison-2023-2024/2023-05-1046-oublie-moi.png;https://www.anthea-antibes.fr/fr/spectacles/saison-2023-2024/tout-le-theatre/oublie-moi
Anthea;Oublie-moi;2024-06-08;https://www.anthea-antibes.fr/img/spectacles/saison-2023-2024/2023-05-1046-oublie-moi.png;https://www.anthea-antibes.fr/fr/spectacles/saison-2023-2024/tout-le-theatre/oublie-moi
Anthea;Revue de presse;2024-06-11;https://www.anthea-antibes.fr/img/spectacles/saison-2023-2024/2023-05-1085-revue-de-presse.png;https://www.anthea-antibes.fr/fr/spectacles/saison-2023-2024/tout-le-spectacle-vivant/revue-de-presse
Anthea;Le Journal d'Édouard Baer à Antibes;2024-06-14;https://www.anthea-antibes.fr/img/spectacles/saison-2023-2024/2024-01-1105-le-journal-d-edouard-baer-a-antibes.png;https://www.anthea-antibes.fr/fr/spectacles/saison-2023-2024/privilege-theatre/le-journal-d-antibes
Anthea;Le Journal d'Édouard Baer à Antibes;2024-06-15;https://www.anthea-antibes.fr/img/spectacles/saison-2023-2024/2024-01-1105-le-journal-d-edouard-baer-a-antibes.png;https://www.anthea-antibes.fr/fr/spectacles/saison-2023-2024/privilege-theatre/le-journal-d-antibes
Anthea;LA COMBINATOIRE À COMBINES | IMMERSION #38;2024-06-15;https://www.anthea-antibes.fr/img/spectacles/saison-2023-2024/2024-05-1263-le-combinatoire-a-combines.png;https://www.anthea-antibes.fr/fr/spectacles/saison-2023-2024/tout-le-spectacle-vivant/immersion-38
Anthea;Jarry, Bonhomme;2024-06-18;https://www.anthea-antibes.fr/img/spectacles/saison-2023-2024/2023-05-1030-jarry.png;https://www.anthea-antibes.fr/fr/spectacles/saison-2023-2024/privilege-spectacle-vivant/jarry
Anthea;Jarry, Bonhomme;2024-06-19;https://www.anthea-antibes.fr/img/spectacles/saison-2023-2024/2023-05-1030-jarry.png;https://www.anthea-antibes.fr/fr/spectacles/saison-2023-2024/privilege-spectacle-vivant/jarry
Anthea;Festival Nuits Carrées ;2025-06-28;https://www.anthea-antibes.fr/img/spectacles/saison-2024-2025/2024-05-1255-festival-nuits-carrees.jpg;https://www.anthea-antibes.fr/fr/spectacles/saison-2024-2025/spectacles-bonus-abonnes/festival-nuits-carrees
Anthea;Yuri Buenaventura;2025-07-09;https://www.anthea-antibes.fr/img/spectacles/saison-2024-2025/2024-04-1147-yuri-buenaventura.jpg;https://www.anthea-antibes.fr/fr/spectacles/saison-2024-2025/privilege-spectacle-vivant/yuri-buenaventura
Anthea;Festival Jazz à Juan;2025-07-15;https://www.anthea-antibes.fr/img/spectacles/saison-2024-2025/2024-05-1256-jazz-a-juan.png;https://www.anthea-antibes.fr/fr/spectacles/saison-2024-2025/spectacles-bonus-abonnes/jazz-a-juan
Anthea;Il a la côte Devos !;2025-09-18;https://www.anthea-antibes.fr/img/spectacles/saison-2024-2025/2024-04-1118-il-a-la-cote-devos.jpg;https://www.anthea-antibes.fr/fr/spectacles/saison-2024-2025/les-incontournables/il-a-la-cote-devos
Anthea;Il a la côte Devos !;2025-09-19;https://www.anthea-antibes.fr/img/spectacles/saison-2024-2025/2024-04-1118-il-a-la-cote-devos.jpg;https://www.anthea-antibes.fr/fr/spectacles/saison-2024-2025/les-incontournables/il-a-la-cote-devos
Anthea;Ce qui ne nous tue pas;2025-09-19;https://www.anthea-antibes.fr/img/spectacles/saison-2024-2025/2024-04-1169-ce-qui-ne-nous-tue-pas.jpg;https://www.anthea-antibes.fr/fr/spectacles/saison-2024-2025/tout-le-theatre/ce-qui-ne-nous-tue-pas
Anthea;Ce qui ne nous tue pas;2025-09-20;https://www.anthea-antibes.fr/img/spectacles/saison-2024-2025/2024-04-1169-ce-qui-ne-nous-tue-pas.jpg;https://www.anthea-antibes.fr/fr/spectacles/saison-2024-2025/tout-le-theatre/ce-qui-ne-nous-tue-pas
Anthea;Ce qui ne nous tue pas;2025-09-21;https://www.anthea-antibes.fr/img/spectacles/saison-2024-2025/2024-04-1169-ce-qui-ne-nous-tue-pas.jpg;https://www.anthea-antibes.fr/fr/spectacles/saison-2024-2025/tout-le-theatre/ce-qui-ne-nous-tue-pas
Anthea;Ce qui ne nous tue pas;2025-09-24;https://www.anthea-antibes.fr/img/spectacles/saison-2024-2025/2024-04-1169-ce-qui-ne-nous-tue-pas.jpg;https://www.anthea-antibes.fr/fr/spectacles/saison-2024-2025/tout-le-theatre/ce-qui-ne-nous-tue-pas
Anthea;Pablo Mira;2025-09-21;https://www.anthea-antibes.fr/img/spectacles/saison-2024-2025/2024-04-1215-pablo-mira.jpg;https://www.anthea-antibes.fr/fr/spectacles/saison-2024-2025/tout-le-spectacle-vivant/pablo-mira
Anthea;Pablo Mira;2025-09-22;https://www.anthea-antibes.fr/img/spectacles/saison-2024-2025/2024-04-1215-pablo-mira.jpg;https://www.anthea-antibes.fr/fr/spectacles/saison-2024-2025/tout-le-spectacle-vivant/pablo-mira
Anthea;La vie de Charlotte Salomon;2025-09-27;https://www.anthea-antibes.fr/img/spectacles/saison-2024-2025/2024-04-1122-la-vie-de-charlotte-salomon.jpg;https://www.anthea-antibes.fr/fr/spectacles/saison-2024-2025/privilege-theatre/la-vie-vde-charlotte-salomon
Anthea;La vie de Charlotte Salomon;2025-09-28;https://www.anthea-antibes.fr/img/spectacles/saison-2024-2025/2024-04-1122-la-vie-de-charlotte-salomon.jpg;https://www.anthea-antibes.fr/fr/spectacles/saison-2024-2025/privilege-theatre/la-vie-vde-charlotte-salomon
Anthea;Je suis la maman du bourreau ;2025-09-30;https://www.anthea-antibes.fr/img/spectacles/saison-2024-2025/2024-04-1171-je-suis-la-maman-du-bourreau.jpg;https://www.anthea-antibes.fr/fr/spectacles/saison-2024-2025/tout-le-theatre/je-suis-la-maman-du-bourreau
Anthea;Je suis la maman du bourreau ;2025-10-01;https://www.anthea-antibes.fr/img/spectacles/saison-2024-2025/2024-04-1171-je-suis-la-maman-du-bourreau.jpg;https://www.anthea-antibes.fr/fr/spectacles/saison-2024-2025/tout-le-theatre/je-suis-la-maman-du-bourreau
Anthea;Christophe AlévêqueVieux con ? La suite !;2025-10-02;https://www.anthea-antibes.fr/img/spectacles/saison-2024-2025/2024-05-1260-christophe-aleveque.jpg;https://www.anthea-antibes.fr/fr/spectacles/saison-2024-2025/tout-le-spectacle-vivant/christophe-aleveque-vieux-con-la-suite
Anthea;Christophe AlévêqueVieux con ? La suite !;2025-10-03;https://www.anthea-antibes.fr/img/spectacles/saison-2024-2025/2024-05-1260-christophe-aleveque.jpg;https://www.anthea-antibes.fr/fr/spectacles/saison-2024-2025/tout-le-spectacle-vivant/christophe-aleveque-vieux-con-la-suite
Anthea;Christophe AlévêqueVieux con ? La suite !;2025-10-04;https://www.anthea-antibes.fr/img/spectacles/saison-2024-2025/2024-05-1260-christophe-aleveque.jpg;https://www.anthea-antibes.fr/fr/spectacles/saison-2024-2025/tout-le-spectacle-vivant/christophe-aleveque-vieux-con-la-suite
Anthea;Christophe AlévêqueVieux con ? La suite !;2025-10-05;https://www.anthea-antibes.fr/img/spectacles/saison-2024-2025/2024-05-1260-christophe-aleveque.jpg;https://www.anthea-antibes.fr/fr/spectacles/saison-2024-2025/tout-le-spectacle-vivant/christophe-aleveque-vieux-con-la-suite
Anthea;Christophe AlévêqueVieux con ? La suite !;2025-10-06;https://www.anthea-antibes.fr/img/spectacles/saison-2024-2025/2024-05-1260-christophe-aleveque.jpg;https://www.anthea-antibes.fr/fr/spectacles/saison-2024-2025/tout-le-spectacle-vivant/christophe-aleveque-vieux-con-la-suite
Anthea;Exit above;2025-10-03;https://www.anthea-antibes.fr/img/spectacles/saison-2024-2025/2024-04-1148-exit-above.jpg;https://www.anthea-antibes.fr/fr/spectacles/saison-2024-2025/privilege-spectacle-vivant/exit-above
Anthea;Exit above;2025-10-04;https://www.anthea-antibes.fr/img/spectacles/saison-2024-2025/2024-04-1148-exit-above.jpg;https://www.anthea-antibes.fr/fr/spectacles/saison-2024-2025/privilege-spectacle-vivant/exit-above
Anthea;Une merveilleuse histoire de sexe dégueulasse ;2025-10-08;https://www.anthea-antibes.fr/img/spectacles/saison-2024-2025/2024-05-1173-une-merveilleuse-histoire-de-sexe-degueulasse.jpg;https://www.anthea-antibes.fr/fr/spectacles/saison-2024-2025/tout-le-theatre/une-merveilleuse-histoire-de-sexe-degueulasse
Anthea;Une merveilleuse histoire de sexe dégueulasse ;2025-10-09;https://www.anthea-antibes.fr/img/spectacles/saison-2024-2025/2024-05-1173-une-merveilleuse-histoire-de-sexe-degueulasse.jpg;https://www.anthea-antibes.fr/fr/spectacles/saison-2024-2025/tout-le-theatre/une-merveilleuse-histoire-de-sexe-degueulasse
Anthea;Une merveilleuse histoire de sexe dégueulasse ;2025-10-10;https://www.anthea-antibes.fr/img/spectacles/saison-2024-2025/2024-05-1173-une-merveilleuse-histoire-de-sexe-degueulasse.jpg;https://www.anthea-antibes.fr/fr/spectacles/saison-2024-2025/tout-le-theatre/une-merveilleuse-histoire-de-sexe-degueulasse
Anthea;Après la répétition / Persona;2025-10-09;https://www.anthea-antibes.fr/img/spectacles/saison-2024-2025/2024-04-1125-persona.jpg;https://www.anthea-antibes.fr/fr/spectacles/saison-2024-2025/privilege-theatre/apres-la-repetition-persona
Anthea;Après la répétition / Persona;2025-10-10;https://www.anthea-antibes.fr/img/spectacles/saison-2024-2025/2024-04-1125-persona.jpg;https://www.anthea-antibes.fr/fr/spectacles/saison-2024-2025/privilege-theatre/apres-la-repetition-persona
Anthea;Dionysos;2025-10-12;https://www.anthea-antibes.fr/img/spectacles/saison-2024-2025/2024-04-1151-dionysos.jpg;https://www.anthea-antibes.fr/fr/spectacles/saison-2024-2025/privilege-spectacle-vivant/dionysos
Anthea;Camus par Enthoven;2025-10-15;https://www.anthea-antibes.fr/img/spectacles/saison-2024-2025/2024-04-1174-camus-par-enthoven.jpg;https://www.anthea-antibes.fr/fr/spectacles/saison-2024-2025/tout-le-theatre/camus-par-enthoven
Anthea;À l'ouest;2025-10-17;https://www.anthea-antibes.fr/img/spectacles/saison-2024-2025/2024-04-1175-a-l-ouest.jpg;https://www.anthea-antibes.fr/fr/spectacles/saison-2024-2025/tout-le-theatre/a-l-ouest
Anthea;Le sourire de Darwin;2025-11-05;https://www.anthea-antibes.fr/img/spectacles/saison-2024-2025/2024-04-1128-le-sourire-de-darwin.jpg;https://www.anthea-antibes.fr/fr/spectacles/saison-2024-2025/privilege-theatre/le-sourire-de-darwin
Anthea;Le sourire de Darwin;2025-11-06;https://www.anthea-antibes.fr/img/spectacles/saison-2024-2025/2024-04-1128-le-sourire-de-darwin.jpg;https://www.anthea-antibes.fr/fr/spectacles/saison-2024-2025/privilege-theatre/le-sourire-de-darwin
Anthea;Le sourire de Darwin;2025-11-07;https://www.anthea-antibes.fr/img/spectacles/saison-2024-2025/2024-04-1128-le-sourire-de-darwin.jpg;https://www.anthea-antibes.fr/fr/spectacles/saison-2024-2025/privilege-theatre/le-sourire-de-darwin
Anthea;Le sourire de Darwin;2025-11-08;https://www.anthea-antibes.fr/img/spectacles/saison-2024-2025/2024-04-1128-le-sourire-de-darwin.jpg;https://www.anthea-antibes.fr/fr/spectacles/saison-2024-2025/privilege-theatre/le-sourire-de-darwin
Anthea;Tous les risques n'auront pas la saveur du succès;2025-11-05;https://www.anthea-antibes.fr/img/spectacles/saison-2024-2025/2024-04-1178-tous-les-risques-n-auront-pas-la-saveur-du-succes.jpg;https://www.anthea-antibes.fr/fr/spectacles/saison-2024-2025/tout-le-theatre/tous-les-risques-n-auront-pas-la-saveur-du-succes
Anthea;La vie est une fête;2025-11-08;https://www.anthea-antibes.fr/img/spectacles/saison-2024-2025/2024-04-1180-la-vie-est-une-fete.jpg;https://www.anthea-antibes.fr/fr/spectacles/saison-2024-2025/tout-le-theatre/la-vie-est-une-fete
Anthea;Le Petit Chose;2025-11-13;https://www.anthea-antibes.fr/img/spectacles/saison-2024-2025/2024-04-1186-le-petit-chose.jpg;https://www.anthea-antibes.fr/fr/spectacles/saison-2024-2025/tout-le-theatre/le-petit-chose
Anthea;Le Petit Chose;2025-11-15;https://www.anthea-antibes.fr/img/spectacles/saison-2024-2025/2024-04-1186-le-petit-chose.jpg;https://www.anthea-antibes.fr/fr/spectacles/saison-2024-2025/tout-le-theatre/le-petit-chose
Anthea;Le Petit Chose;2025-11-16;https://www.anthea-antibes.fr/img/spectacles/saison-2024-2025/2024-04-1186-le-petit-chose.jpg;https://www.anthea-antibes.fr/fr/spectacles/saison-2024-2025/tout-le-theatre/le-petit-chose
Anthea;Le Petit Chose;2025-11-16;https://www.anthea-antibes.fr/img/spectacles/saison-2024-2025/2024-04-1186-le-petit-chose.jpg;https://www.anthea-antibes.fr/fr/spectacles/saison-2024-2025/tout-le-theatre/le-petit-chose
Anthea;Jeanne Added;2025-11-12;https://www.anthea-antibes.fr/img/spectacles/saison-2024-2025/2024-04-1217-jeanne-added.jpg;https://www.anthea-antibes.fr/fr/spectacles/saison-2024-2025/tout-le-spectacle-vivant/jeanne-added
Anthea;Raúl Paz;2025-11-15;https://www.anthea-antibes.fr/img/spectacles/saison-2024-2025/2024-04-1219-raul-paz.jpg;https://www.anthea-antibes.fr/fr/spectacles/saison-2024-2025/tout-le-spectacle-vivant/raul-paz
Anthea;Philippe LelloucheStand Alone;2025-11-19;https://www.anthea-antibes.fr/img/spectacles/saison-2024-2025/2024-04-1220-philippe-lellouche.jpg;https://www.anthea-antibes.fr/fr/spectacles/saison-2024-2025/tout-le-spectacle-vivant/philippe-lellouche-stand-alone
Anthea;Antichambre;2025-11-20;https://www.anthea-antibes.fr/img/spectacles/saison-2024-2025/2024-04-1221-antichambre.jpg;https://www.anthea-antibes.fr/fr/spectacles/saison-2024-2025/tout-le-spectacle-vivant/antichambre
Anthea;Antichambre;2025-11-22;https://www.anthea-antibes.fr/img/spectacles/saison-2024-2025/2024-04-1221-antichambre.jpg;https://www.anthea-antibes.fr/fr/spectacles/saison-2024-2025/tout-le-spectacle-vivant/antichambre
Anthea;Antichambre;2025-11-23;https://www.anthea-antibes.fr/img/spectacles/saison-2024-2025/2024-04-1221-antichambre.jpg;https://www.anthea-antibes.fr/fr/spectacles/saison-2024-2025/tout-le-spectacle-vivant/antichambre
Anthea;Inconnu à cette adresse;2025-11-21;https://www.anthea-antibes.fr/img/spectacles/saison-2024-2025/2024-04-1119-inconnu-a-cette-adresse.jpg;https://www.anthea-antibes.fr/fr/spectacles/saison-2024-2025/les-incontournables/inconnu-a-cette-adresse
Anthea;Inconnu à cette adresse;2025-11-22;https://www.anthea-antibes.fr/img/spectacles/saison-2024-2025/2024-04-1119-inconnu-a-cette-adresse.jpg;https://www.anthea-antibes.fr/fr/spectacles/saison-2024-2025/les-incontournables/inconnu-a-cette-adresse
Anthea;Gad ElmalehLui-même;2025-11-23;https://www.anthea-antibes.fr/img/spectacles/saison-2024-2025/2024-04-1153-gad-elmaleh.jpg;https://www.anthea-antibes.fr/fr/spectacles/saison-2024-2025/privilege-spectacle-vivant/gad-elmaleh-lui-meme
Anthea;Gad ElmalehLui-même;2025-04-23;https://www.anthea-antibes.fr/img/spectacles/saison-2024-2025/2024-04-1153-gad-elmaleh.jpg;https://www.anthea-antibes.fr/fr/spectacles/saison-2024-2025/privilege-spectacle-vivant/gad-elmaleh-lui-meme
Anthea;Kimberose;2025-11-26;https://www.anthea-antibes.fr/img/spectacles/saison-2024-2025/2024-04-1223-kimberose.jpg;https://www.anthea-antibes.fr/fr/spectacles/saison-2024-2025/tout-le-spectacle-vivant/kimberose
Anthea;Opéra bouffe !;2025-11-27;https://www.anthea-antibes.fr/img/spectacles/saison-2024-2025/2024-04-1225-opera-bouffe.jpg;https://www.anthea-antibes.fr/fr/spectacles/saison-2024-2025/tout-le-spectacle-vivant/opera-bouffe
Anthea;Opéra bouffe !;2025-11-28;https://www.anthea-antibes.fr/img/spectacles/saison-2024-2025/2024-04-1225-opera-bouffe.jpg;https://www.anthea-antibes.fr/fr/spectacles/saison-2024-2025/tout-le-spectacle-vivant/opera-bouffe
Anthea;Opéra bouffe !;2025-11-29;https://www.anthea-antibes.fr/img/spectacles/saison-2024-2025/2024-04-1225-opera-bouffe.jpg;https://www.anthea-antibes.fr/fr/spectacles/saison-2024-2025/tout-le-spectacle-vivant/opera-bouffe
Anthea;Luz Casal;2025-11-29;https://www.anthea-antibes.fr/img/spectacles/saison-2024-2025/2024-04-1154-luz-casal.jpg;https://www.anthea-antibes.fr/fr/spectacles/saison-2024-2025/privilege-spectacle-vivant/luz-casal
Anthea;GRAND CORPS MALADE;2025-12-01;https://www.anthea-antibes.fr/img/spectacles/saison-2024-2025/2024-05-1257-grand-corps-malade.png;https://www.anthea-antibes.fr/fr/spectacles/saison-2024-2025/spectacles-bonus-abonnes/grand-corps-malade
Anthea;Vidéo club;2025-12-02;https://www.anthea-antibes.fr/img/spectacles/saison-2024-2025/2024-04-1131-video-club.jpg;https://www.anthea-antibes.fr/fr/spectacles/saison-2024-2025/privilege-theatre/video-club
Anthea;Vidéo club;2025-12-03;https://www.anthea-antibes.fr/img/spectacles/saison-2024-2025/2024-04-1131-video-club.jpg;https://www.anthea-antibes.fr/fr/spectacles/saison-2024-2025/privilege-theatre/video-club
Anthea;Vidéo club;2025-12-04;https://www.anthea-antibes.fr/img/spectacles/saison-2024-2025/2024-04-1131-video-club.jpg;https://www.anthea-antibes.fr/fr/spectacles/saison-2024-2025/privilege-theatre/video-club
Anthea;Pauline & Carton;2025-12-03;https://www.anthea-antibes.fr/img/spectacles/saison-2024-2025/2024-04-1189-pauline-amp-carton.jpg;https://www.anthea-antibes.fr/fr/spectacles/saison-2024-2025/tout-le-theatre/pauline-et-carton
Anthea;Pauline & Carton;2025-12-04;https://www.anthea-antibes.fr/img/spectacles/saison-2024-2025/2024-04-1189-pauline-amp-carton.jpg;https://www.anthea-antibes.fr/fr/spectacles/saison-2024-2025/tout-le-theatre/pauline-et-carton
Anthea;Pauline & Carton;2025-12-05;https://www.anthea-antibes.fr/img/spectacles/saison-2024-2025/2024-04-1189-pauline-amp-carton.jpg;https://www.anthea-antibes.fr/fr/spectacles/saison-2024-2025/tout-le-theatre/pauline-et-carton
Anthea;Pauline & Carton;2025-12-06;https://www.anthea-antibes.fr/img/spectacles/saison-2024-2025/2024-04-1189-pauline-amp-carton.jpg;https://www.anthea-antibes.fr/fr/spectacles/saison-2024-2025/tout-le-theatre/pauline-et-carton
Anthea;Pauline & Carton;2025-12-07;https://www.anthea-antibes.fr/img/spectacles/saison-2024-2025/2024-04-1189-pauline-amp-carton.jpg;https://www.anthea-antibes.fr/fr/spectacles/saison-2024-2025/tout-le-theatre/pauline-et-carton
Anthea;Hécube, pas Hécube;2025-12-06;https://www.anthea-antibes.fr/img/spectacles/saison-2024-2025/2024-04-1133-hecube-pas-hecube.jpg;https://www.anthea-antibes.fr/fr/spectacles/saison-2024-2025/privilege-theatre/hecube-pas-hecube
Anthea;Hécube, pas Hécube;2025-12-07;https://www.anthea-antibes.fr/img/spectacles/saison-2024-2025/2024-04-1133-hecube-pas-hecube.jpg;https://www.anthea-antibes.fr/fr/spectacles/saison-2024-2025/privilege-theatre/hecube-pas-hecube
Anthea;Vu;2025-12-10;https://www.anthea-antibes.fr/img/spectacles/saison-2024-2025/2024-04-1226-vu.jpg;https://www.anthea-antibes.fr/fr/spectacles/saison-2024-2025/tout-le-spectacle-vivant/vu
Anthea;Vu;2025-12-11;https://www.anthea-antibes.fr/img/spectacles/saison-2024-2025/2024-04-1226-vu.jpg;https://www.anthea-antibes.fr/fr/spectacles/saison-2024-2025/tout-le-spectacle-vivant/vu
Anthea;Vu;2025-12-12;https://www.anthea-antibes.fr/img/spectacles/saison-2024-2025/2024-04-1226-vu.jpg;https://www.anthea-antibes.fr/fr/spectacles/saison-2024-2025/tout-le-spectacle-vivant/vu
Anthea;Vu;2025-12-13;https://www.anthea-antibes.fr/img/spectacles/saison-2024-2025/2024-04-1226-vu.jpg;https://www.anthea-antibes.fr/fr/spectacles/saison-2024-2025/tout-le-spectacle-vivant/vu
Anthea;Préparation pour un miracle;2025-12-12;https://www.anthea-antibes.fr/img/spectacles/saison-2024-2025/2024-04-1228-preparation-pour-un-miracle.jpg;https://www.anthea-antibes.fr/fr/spectacles/saison-2024-2025/tout-le-spectacle-vivant/preparation-pour-un-miracle
Anthea;L'art d'avoir toujours raison ;2025-12-18;https://www.anthea-antibes.fr/img/spectacles/saison-2024-2025/2024-04-1190-l-art-d-avoir-toujours-raison.jpg;https://www.anthea-antibes.fr/fr/spectacles/saison-2024-2025/tout-le-theatre/l-art-d-avoir-toujours-raison
Anthea;L'art d'avoir toujours raison ;2025-12-19;https://www.anthea-antibes.fr/img/spectacles/saison-2024-2025/2024-04-1190-l-art-d-avoir-toujours-raison.jpg;https://www.anthea-antibes.fr/fr/spectacles/saison-2024-2025/tout-le-theatre/l-art-d-avoir-toujours-raison
Anthea;L'art d'avoir toujours raison ;2025-12-20;https://www.anthea-antibes.fr/img/spectacles/saison-2024-2025/2024-04-1190-l-art-d-avoir-toujours-raison.jpg;https://www.anthea-antibes.fr/fr/spectacles/saison-2024-2025/tout-le-theatre/l-art-d-avoir-toujours-raison
Anthea;Magma;2025-12-17;https://www.anthea-antibes.fr/img/spectacles/saison-2024-2025/2024-04-1231-magma.jpg;https://www.anthea-antibes.fr/fr/spectacles/saison-2024-2025/tout-le-spectacle-vivant/magma
Anthea;Kintsugi;2025-12-20;https://www.anthea-antibes.fr/img/spectacles/saison-2024-2025/2024-04-1232-kintsugi.jpg;https://www.anthea-antibes.fr/fr/spectacles/saison-2024-2025/tout-le-spectacle-vivant/kintsugi
Anthea;Kintsugi;2025-12-21;https://www.anthea-antibes.fr/img/spectacles/saison-2024-2025/2024-04-1232-kintsugi.jpg;https://www.anthea-antibes.fr/fr/spectacles/saison-2024-2025/tout-le-spectacle-vivant/kintsugi
Anthea;Concert du Nouvel AnParis-Vienne;2025-01-01;https://www.anthea-antibes.fr/img/spectacles/saison-2024-2025/2024-04-1233-paris-vienne.jpg;https://www.anthea-antibes.fr/fr/spectacles/saison-2024-2025/tout-le-spectacle-vivant/concet-du-nouvel-an-paris-vienne
Anthea;Personne d'autre;2025-01-07;https://www.anthea-antibes.fr/img/spectacles/saison-2024-2025/2024-04-1121-personne-d-autre.jpg;https://www.anthea-antibes.fr/fr/spectacles/saison-2024-2025/les-incontournables/personne-d-autre
Anthea;Personne d'autre;2025-01-08;https://www.anthea-antibes.fr/img/spectacles/saison-2024-2025/2024-04-1121-personne-d-autre.jpg;https://www.anthea-antibes.fr/fr/spectacles/saison-2024-2025/les-incontournables/personne-d-autre
Anthea;Personne d'autre;2025-01-09;https://www.anthea-antibes.fr/img/spectacles/saison-2024-2025/2024-04-1121-personne-d-autre.jpg;https://www.anthea-antibes.fr/fr/spectacles/saison-2024-2025/les-incontournables/personne-d-autre
Anthea;Personne d'autre;2025-01-10;https://www.anthea-antibes.fr/img/spectacles/saison-2024-2025/2024-04-1121-personne-d-autre.jpg;https://www.anthea-antibes.fr/fr/spectacles/saison-2024-2025/les-incontournables/personne-d-autre
Anthea;Personne d'autre;2025-01-11;https://www.anthea-antibes.fr/img/spectacles/saison-2024-2025/2024-04-1121-personne-d-autre.jpg;https://www.anthea-antibes.fr/fr/spectacles/saison-2024-2025/les-incontournables/personne-d-autre
Anthea;Personne d'autre;2025-01-14;https://www.anthea-antibes.fr/img/spectacles/saison-2024-2025/2024-04-1121-personne-d-autre.jpg;https://www.anthea-antibes.fr/fr/spectacles/saison-2024-2025/les-incontournables/personne-d-autre
Anthea;Personne d'autre;2025-01-15;https://www.anthea-antibes.fr/img/spectacles/saison-2024-2025/2024-04-1121-personne-d-autre.jpg;https://www.anthea-antibes.fr/fr/spectacles/saison-2024-2025/les-incontournables/personne-d-autre
Anthea;Personne d'autre;2025-01-16;https://www.anthea-antibes.fr/img/spectacles/saison-2024-2025/2024-04-1121-personne-d-autre.jpg;https://www.anthea-antibes.fr/fr/spectacles/saison-2024-2025/les-incontournables/personne-d-autre
Anthea;Personne d'autre;2025-01-17;https://www.anthea-antibes.fr/img/spectacles/saison-2024-2025/2024-04-1121-personne-d-autre.jpg;https://www.anthea-antibes.fr/fr/spectacles/saison-2024-2025/les-incontournables/personne-d-autre
Anthea;Personne d'autre;2025-01-18;https://www.anthea-antibes.fr/img/spectacles/saison-2024-2025/2024-04-1121-personne-d-autre.jpg;https://www.anthea-antibes.fr/fr/spectacles/saison-2024-2025/les-incontournables/personne-d-autre
Anthea;Personne d'autre;2025-01-19;https://www.anthea-antibes.fr/img/spectacles/saison-2024-2025/2024-04-1121-personne-d-autre.jpg;https://www.anthea-antibes.fr/fr/spectacles/saison-2024-2025/les-incontournables/personne-d-autre
Anthea;Personne d'autre;2025-01-21;https://www.anthea-antibes.fr/img/spectacles/saison-2024-2025/2024-04-1121-personne-d-autre.jpg;https://www.anthea-antibes.fr/fr/spectacles/saison-2024-2025/les-incontournables/personne-d-autre
Anthea;Personne d'autre;2025-01-22;https://www.anthea-antibes.fr/img/spectacles/saison-2024-2025/2024-04-1121-personne-d-autre.jpg;https://www.anthea-antibes.fr/fr/spectacles/saison-2024-2025/les-incontournables/personne-d-autre
Anthea;Personne d'autre;2025-01-23;https://www.anthea-antibes.fr/img/spectacles/saison-2024-2025/2024-04-1121-personne-d-autre.jpg;https://www.anthea-antibes.fr/fr/spectacles/saison-2024-2025/les-incontournables/personne-d-autre
Anthea;Projection privée;2025-01-09;https://www.anthea-antibes.fr/img/spectacles/saison-2024-2025/2024-04-1191-projection-privee.jpg;https://www.anthea-antibes.fr/fr/spectacles/saison-2024-2025/tout-le-theatre/projection-privee
Anthea;Projection privée;2025-01-10;https://www.anthea-antibes.fr/img/spectacles/saison-2024-2025/2024-04-1191-projection-privee.jpg;https://www.anthea-antibes.fr/fr/spectacles/saison-2024-2025/tout-le-theatre/projection-privee
Anthea;Projection privée;2025-01-11;https://www.anthea-antibes.fr/img/spectacles/saison-2024-2025/2024-04-1191-projection-privee.jpg;https://www.anthea-antibes.fr/fr/spectacles/saison-2024-2025/tout-le-theatre/projection-privee
Anthea;Projection privée;2025-01-14;https://www.anthea-antibes.fr/img/spectacles/saison-2024-2025/2024-04-1191-projection-privee.jpg;https://www.anthea-antibes.fr/fr/spectacles/saison-2024-2025/tout-le-theatre/projection-privee
Anthea;Projection privée;2025-01-15;https://www.anthea-antibes.fr/img/spectacles/saison-2024-2025/2024-04-1191-projection-privee.jpg;https://www.anthea-antibes.fr/fr/spectacles/saison-2024-2025/tout-le-theatre/projection-privee
Anthea;La belle et la bête;2025-01-22;https://www.anthea-antibes.fr/img/spectacles/saison-2024-2025/2024-04-1192-la-belle-et-la-bete.jpg;https://www.anthea-antibes.fr/fr/spectacles/saison-2024-2025/tout-le-theatre/la-belle-et-la-bete
Anthea;La belle et la bête;2025-01-24;https://www.anthea-antibes.fr/img/spectacles/saison-2024-2025/2024-04-1192-la-belle-et-la-bete.jpg;https://www.anthea-antibes.fr/fr/spectacles/saison-2024-2025/tout-le-theatre/la-belle-et-la-bete
Anthea;Alain Souchon & Fils ;2025-01-25;https://www.anthea-antibes.fr/img/spectacles/saison-2024-2025/2024-04-1155-alain-souchon-amp-fils.jpg;https://www.anthea-antibes.fr/fr/spectacles/saison-2024-2025/privilege-spectacle-vivant/alain-souchon-et-fils
Anthea;Alain Souchon & Fils ;2025-01-26;https://www.anthea-antibes.fr/img/spectacles/saison-2024-2025/2024-04-1155-alain-souchon-amp-fils.jpg;https://www.anthea-antibes.fr/fr/spectacles/saison-2024-2025/privilege-spectacle-vivant/alain-souchon-et-fils
Anthea;Simple;2025-01-28;https://www.anthea-antibes.fr/img/spectacles/saison-2024-2025/2024-04-1234-simple.jpg;https://www.anthea-antibes.fr/fr/spectacles/saison-2024-2025/tout-le-spectacle-vivant/simple
Anthea;Simple;2025-01-31;https://www.anthea-antibes.fr/img/spectacles/saison-2024-2025/2024-04-1234-simple.jpg;https://www.anthea-antibes.fr/fr/spectacles/saison-2024-2025/tout-le-spectacle-vivant/simple
Anthea;Simple;2025-02-01;https://www.anthea-antibes.fr/img/spectacles/saison-2024-2025/2024-04-1234-simple.jpg;https://www.anthea-antibes.fr/fr/spectacles/saison-2024-2025/tout-le-spectacle-vivant/simple
Anthea;For gods only;2025-01-29;https://www.anthea-antibes.fr/img/spectacles/saison-2024-2025/2024-04-1156-for-gods-only.jpg;https://www.anthea-antibes.fr/fr/spectacles/saison-2024-2025/privilege-spectacle-vivant/for-gods-only
Anthea;La note;2025-01-31;https://www.anthea-antibes.fr/img/spectacles/saison-2024-2025/2024-04-1134-la-note.jpg;https://www.anthea-antibes.fr/fr/spectacles/saison-2024-2025/privilege-theatre/la-note
Anthea;La note;2025-02-01;https://www.anthea-antibes.fr/img/spectacles/saison-2024-2025/2024-04-1134-la-note.jpg;https://www.anthea-antibes.fr/fr/spectacles/saison-2024-2025/privilege-theatre/la-note
Anthea;La note;2025-02-01;https://www.anthea-antibes.fr/img/spectacles/saison-2024-2025/2024-04-1134-la-note.jpg;https://www.anthea-antibes.fr/fr/spectacles/saison-2024-2025/privilege-theatre/la-note
Anthea;Duel Reality;2025-02-04;https://www.anthea-antibes.fr/img/spectacles/saison-2024-2025/2024-04-1236-duel-reality.jpg;https://www.anthea-antibes.fr/fr/spectacles/saison-2024-2025/tout-le-spectacle-vivant/duel-reality
Anthea;Duel Reality;2025-02-05;https://www.anthea-antibes.fr/img/spectacles/saison-2024-2025/2024-04-1236-duel-reality.jpg;https://www.anthea-antibes.fr/fr/spectacles/saison-2024-2025/tout-le-spectacle-vivant/duel-reality
Anthea;Pode Ser / C'est toi qu'on adore;2025-02-05;https://www.anthea-antibes.fr/img/spectacles/saison-2024-2025/2024-04-1239-pode-ser.jpg;https://www.anthea-antibes.fr/fr/spectacles/saison-2024-2025/tout-le-spectacle-vivant/pode-ser-c-est-toi-qu-on-adore
Anthea;Pode Ser / C'est toi qu'on adore;2025-02-07;https://www.anthea-antibes.fr/img/spectacles/saison-2024-2025/2024-04-1239-pode-ser.jpg;https://www.anthea-antibes.fr/fr/spectacles/saison-2024-2025/tout-le-spectacle-vivant/pode-ser-c-est-toi-qu-on-adore
Anthea;Pode Ser / C'est toi qu'on adore;2025-02-08;https://www.anthea-antibes.fr/img/spectacles/saison-2024-2025/2024-04-1239-pode-ser.jpg;https://www.anthea-antibes.fr/fr/spectacles/saison-2024-2025/tout-le-spectacle-vivant/pode-ser-c-est-toi-qu-on-adore
Anthea;Vel d'Hiv;2025-02-07;https://www.anthea-antibes.fr/img/spectacles/saison-2024-2025/2024-04-1136-vel-d-hiv.jpg;https://www.anthea-antibes.fr/fr/spectacles/saison-2024-2025/privilege-theatre/vel-d-hiv
Anthea;Agnès JaouiEl trio de mis amores ;2025-02-25;https://www.anthea-antibes.fr/img/spectacles/saison-2024-2025/2024-04-1158-agnes-jaoui-el-trio-de-mis-amores.jpg;https://www.anthea-antibes.fr/fr/spectacles/saison-2024-2025/privilege-spectacle-vivant/agnes-jaoui-el-trio-de-mis-amores
Anthea;La guerre des mondes(life on mars);2025-02-25;https://www.anthea-antibes.fr/img/spectacles/saison-2024-2025/2024-04-1195-la-guerre-des-mondes.jpg;https://www.anthea-antibes.fr/fr/spectacles/saison-2024-2025/tout-le-theatre/la-guerre-des-mondes
Anthea;La guerre des mondes(life on mars);2025-02-26;https://www.anthea-antibes.fr/img/spectacles/saison-2024-2025/2024-04-1195-la-guerre-des-mondes.jpg;https://www.anthea-antibes.fr/fr/spectacles/saison-2024-2025/tout-le-theatre/la-guerre-des-mondes
Anthea;La guerre des mondes(life on mars);2025-02-28;https://www.anthea-antibes.fr/img/spectacles/saison-2024-2025/2024-04-1195-la-guerre-des-mondes.jpg;https://www.anthea-antibes.fr/fr/spectacles/saison-2024-2025/tout-le-theatre/la-guerre-des-mondes
Anthea;La guerre des mondes(life on mars);2025-03-01;https://www.anthea-antibes.fr/img/spectacles/saison-2024-2025/2024-04-1195-la-guerre-des-mondes.jpg;https://www.anthea-antibes.fr/fr/spectacles/saison-2024-2025/tout-le-theatre/la-guerre-des-mondes
Anthea;La guerre des mondes(life on mars);2025-03-04;https://www.anthea-antibes.fr/img/spectacles/saison-2024-2025/2024-04-1195-la-guerre-des-mondes.jpg;https://www.anthea-antibes.fr/fr/spectacles/saison-2024-2025/tout-le-theatre/la-guerre-des-mondes
Anthea;La guerre des mondes(life on mars);2025-03-05;https://www.anthea-antibes.fr/img/spectacles/saison-2024-2025/2024-04-1195-la-guerre-des-mondes.jpg;https://www.anthea-antibes.fr/fr/spectacles/saison-2024-2025/tout-le-theatre/la-guerre-des-mondes
Anthea;La guerre des mondes(life on mars);2025-03-06;https://www.anthea-antibes.fr/img/spectacles/saison-2024-2025/2024-04-1195-la-guerre-des-mondes.jpg;https://www.anthea-antibes.fr/fr/spectacles/saison-2024-2025/tout-le-theatre/la-guerre-des-mondes
Anthea;La guerre des mondes(life on mars);2025-03-08;https://www.anthea-antibes.fr/img/spectacles/saison-2024-2025/2024-04-1195-la-guerre-des-mondes.jpg;https://www.anthea-antibes.fr/fr/spectacles/saison-2024-2025/tout-le-theatre/la-guerre-des-mondes
Anthea;La guerre des mondes(life on mars);2025-03-09;https://www.anthea-antibes.fr/img/spectacles/saison-2024-2025/2024-04-1195-la-guerre-des-mondes.jpg;https://www.anthea-antibes.fr/fr/spectacles/saison-2024-2025/tout-le-theatre/la-guerre-des-mondes
Anthea;La guerre des mondes(life on mars);2025-03-12;https://www.anthea-antibes.fr/img/spectacles/saison-2024-2025/2024-04-1195-la-guerre-des-mondes.jpg;https://www.anthea-antibes.fr/fr/spectacles/saison-2024-2025/tout-le-theatre/la-guerre-des-mondes
Anthea;La guerre des mondes(life on mars);2025-03-13;https://www.anthea-antibes.fr/img/spectacles/saison-2024-2025/2024-04-1195-la-guerre-des-mondes.jpg;https://www.anthea-antibes.fr/fr/spectacles/saison-2024-2025/tout-le-theatre/la-guerre-des-mondes
Anthea;La guerre des mondes(life on mars);2025-03-15;https://www.anthea-antibes.fr/img/spectacles/saison-2024-2025/2024-04-1195-la-guerre-des-mondes.jpg;https://www.anthea-antibes.fr/fr/spectacles/saison-2024-2025/tout-le-theatre/la-guerre-des-mondes
Anthea;Dany BoonVa mieux faire;2025-02-26;https://www.anthea-antibes.fr/img/spectacles/saison-2024-2025/2024-04-1159-dany-boon.jpg;https://www.anthea-antibes.fr/fr/spectacles/saison-2024-2025/privilege-spectacle-vivant/dany-boon-va-mieux-faire
Anthea;Dany BoonVa mieux faire;2025-02-27;https://www.anthea-antibes.fr/img/spectacles/saison-2024-2025/2024-04-1159-dany-boon.jpg;https://www.anthea-antibes.fr/fr/spectacles/saison-2024-2025/privilege-spectacle-vivant/dany-boon-va-mieux-faire
Anthea;Dany BoonVa mieux faire;2025-02-28;https://www.anthea-antibes.fr/img/spectacles/saison-2024-2025/2024-04-1159-dany-boon.jpg;https://www.anthea-antibes.fr/fr/spectacles/saison-2024-2025/privilege-spectacle-vivant/dany-boon-va-mieux-faire
Anthea;Paul MirabelPar amour;2025-03-01;https://www.anthea-antibes.fr/img/spectacles/saison-2024-2025/2024-04-1160-paul-mirabel.jpg;https://www.anthea-antibes.fr/fr/spectacles/saison-2024-2025/privilege-spectacle-vivant/paul-mirabel-par-amour
Anthea;Paul MirabelPar amour;2025-03-02;https://www.anthea-antibes.fr/img/spectacles/saison-2024-2025/2024-04-1160-paul-mirabel.jpg;https://www.anthea-antibes.fr/fr/spectacles/saison-2024-2025/privilege-spectacle-vivant/paul-mirabel-par-amour
Anthea;Le rendez-vous;2025-03-04;https://www.anthea-antibes.fr/img/spectacles/saison-2024-2025/2024-04-1138-le-rendez-vous.jpg;https://www.anthea-antibes.fr/fr/spectacles/saison-2024-2025/privilege-theatre/le-rendez-vous
Anthea;Le rendez-vous;2025-03-05;https://www.anthea-antibes.fr/img/spectacles/saison-2024-2025/2024-04-1138-le-rendez-vous.jpg;https://www.anthea-antibes.fr/fr/spectacles/saison-2024-2025/privilege-theatre/le-rendez-vous
Anthea;Le rendez-vous;2025-03-06;https://www.anthea-antibes.fr/img/spectacles/saison-2024-2025/2024-04-1138-le-rendez-vous.jpg;https://www.anthea-antibes.fr/fr/spectacles/saison-2024-2025/privilege-theatre/le-rendez-vous
Anthea;Taire !;2025-03-05;https://www.anthea-antibes.fr/img/spectacles/saison-2024-2025/2024-04-1196-taire.jpg;https://www.anthea-antibes.fr/fr/spectacles/saison-2024-2025/tout-le-theatre/taire
Anthea;Taire !;2025-03-06;https://www.anthea-antibes.fr/img/spectacles/saison-2024-2025/2024-04-1196-taire.jpg;https://www.anthea-antibes.fr/fr/spectacles/saison-2024-2025/tout-le-theatre/taire
Anthea;Taire !;2025-03-07;https://www.anthea-antibes.fr/img/spectacles/saison-2024-2025/2024-04-1196-taire.jpg;https://www.anthea-antibes.fr/fr/spectacles/saison-2024-2025/tout-le-theatre/taire
Anthea;Taire !;2025-03-08;https://www.anthea-antibes.fr/img/spectacles/saison-2024-2025/2024-04-1196-taire.jpg;https://www.anthea-antibes.fr/fr/spectacles/saison-2024-2025/tout-le-theatre/taire
Anthea;Jeanne Mas;2025-03-08;https://www.anthea-antibes.fr/img/spectacles/saison-2024-2025/2024-04-1161-jeanne-mas.jpg;https://www.anthea-antibes.fr/fr/spectacles/saison-2024-2025/privilege-spectacle-vivant/jeanne-mas
Anthea;Le cercle des poètes disparus ;2025-03-10;https://www.anthea-antibes.fr/img/spectacles/saison-2024-2025/2024-04-1139-le-cercle-des-poetes-disparus.jpg;https://www.anthea-antibes.fr/fr/spectacles/saison-2024-2025/privilege-theatre/le-cercle-des-poetes-disparus
Anthea;Le cercle des poètes disparus ;2025-03-11;https://www.anthea-antibes.fr/img/spectacles/saison-2024-2025/2024-04-1139-le-cercle-des-poetes-disparus.jpg;https://www.anthea-antibes.fr/fr/spectacles/saison-2024-2025/privilege-theatre/le-cercle-des-poetes-disparus
Anthea;Le cercle des poètes disparus ;2025-03-12;https://www.anthea-antibes.fr/img/spectacles/saison-2024-2025/2024-04-1139-le-cercle-des-poetes-disparus.jpg;https://www.anthea-antibes.fr/fr/spectacles/saison-2024-2025/privilege-theatre/le-cercle-des-poetes-disparus
Anthea;Le cercle des poètes disparus ;2025-06-17;https://www.anthea-antibes.fr/img/spectacles/saison-2024-2025/2024-04-1139-le-cercle-des-poetes-disparus.jpg;https://www.anthea-antibes.fr/fr/spectacles/saison-2024-2025/privilege-theatre/le-cercle-des-poetes-disparus
Anthea;Panayotis Pascot;2025-03-14;https://www.anthea-antibes.fr/img/spectacles/saison-2024-2025/2024-04-1162-panayotis-pascot.jpg;https://www.anthea-antibes.fr/fr/spectacles/saison-2024-2025/privilege-spectacle-vivant/panayotis-pascot-nouveau-spectacle
Anthea;Panayotis Pascot;2025-03-15;https://www.anthea-antibes.fr/img/spectacles/saison-2024-2025/2024-04-1162-panayotis-pascot.jpg;https://www.anthea-antibes.fr/fr/spectacles/saison-2024-2025/privilege-spectacle-vivant/panayotis-pascot-nouveau-spectacle
Anthea;La réunification des deux Corées ;2025-03-18;https://www.anthea-antibes.fr/img/spectacles/saison-2024-2025/2024-04-1142-la-reunification-des-deux-corees.jpg;https://www.anthea-antibes.fr/fr/spectacles/saison-2024-2025/privilege-theatre/la-reunification-des-deux-corees
Anthea;La réunification des deux Corées ;2025-03-19;https://www.anthea-antibes.fr/img/spectacles/saison-2024-2025/2024-04-1142-la-reunification-des-deux-corees.jpg;https://www.anthea-antibes.fr/fr/spectacles/saison-2024-2025/privilege-theatre/la-reunification-des-deux-corees
Anthea;La réunification des deux Corées ;2025-03-20;https://www.anthea-antibes.fr/img/spectacles/saison-2024-2025/2024-04-1142-la-reunification-des-deux-corees.jpg;https://www.anthea-antibes.fr/fr/spectacles/saison-2024-2025/privilege-theatre/la-reunification-des-deux-corees
Anthea;Technique de l'orage;2025-03-18;https://www.anthea-antibes.fr/img/spectacles/saison-2024-2025/2024-04-1197-technique-de-l-orage.jpg;https://www.anthea-antibes.fr/fr/spectacles/saison-2024-2025/tout-le-theatre/technique-de-l-orage
Anthea;Technique de l'orage;2025-03-19;https://www.anthea-antibes.fr/img/spectacles/saison-2024-2025/2024-04-1197-technique-de-l-orage.jpg;https://www.anthea-antibes.fr/fr/spectacles/saison-2024-2025/tout-le-theatre/technique-de-l-orage
Anthea;Technique de l'orage;2025-03-21;https://www.anthea-antibes.fr/img/spectacles/saison-2024-2025/2024-04-1197-technique-de-l-orage.jpg;https://www.anthea-antibes.fr/fr/spectacles/saison-2024-2025/tout-le-theatre/technique-de-l-orage
Anthea;IMMERSION;2025-03-22;https://www.anthea-antibes.fr/img/spectacles/saison-2024-2025/2024-05-1254-immersion.jpg;https://www.anthea-antibes.fr/fr/spectacles/saison-2024-2025/tout-le-spectacle-vivant/immersion
Anthea;IMMERSION;2025-04-05;https://www.anthea-antibes.fr/img/spectacles/saison-2024-2025/2024-05-1254-immersion.jpg;https://www.anthea-antibes.fr/fr/spectacles/saison-2024-2025/tout-le-spectacle-vivant/immersion
Anthea;IMMERSION;2025-05-10;https://www.anthea-antibes.fr/img/spectacles/saison-2024-2025/2024-05-1254-immersion.jpg;https://www.anthea-antibes.fr/fr/spectacles/saison-2024-2025/tout-le-spectacle-vivant/immersion
Anthea;IMMERSION;2025-05-31;https://www.anthea-antibes.fr/img/spectacles/saison-2024-2025/2024-05-1254-immersion.jpg;https://www.anthea-antibes.fr/fr/spectacles/saison-2024-2025/tout-le-spectacle-vivant/immersion
Anthea;Cent mètres papillon;2025-03-26;https://www.anthea-antibes.fr/img/spectacles/saison-2024-2025/2024-04-1199-cent-metres-papillon.jpg;https://www.anthea-antibes.fr/fr/spectacles/saison-2024-2025/tout-le-theatre/cent-metres-papillon
Anthea;Cent mètres papillon;2025-03-27;https://www.anthea-antibes.fr/img/spectacles/saison-2024-2025/2024-04-1199-cent-metres-papillon.jpg;https://www.anthea-antibes.fr/fr/spectacles/saison-2024-2025/tout-le-theatre/cent-metres-papillon
Anthea;Cent mètres papillon;2025-03-28;https://www.anthea-antibes.fr/img/spectacles/saison-2024-2025/2024-04-1199-cent-metres-papillon.jpg;https://www.anthea-antibes.fr/fr/spectacles/saison-2024-2025/tout-le-theatre/cent-metres-papillon
Anthea;Entre chiens et louves;2025-03-26;https://www.anthea-antibes.fr/img/spectacles/saison-2024-2025/2024-04-1242-entre-chiens-et-louves.jpg;https://www.anthea-antibes.fr/fr/spectacles/saison-2024-2025/tout-le-spectacle-vivant/entre-chiens-et-louves
Anthea;Entre chiens et louves;2025-03-27;https://www.anthea-antibes.fr/img/spectacles/saison-2024-2025/2024-04-1242-entre-chiens-et-louves.jpg;https://www.anthea-antibes.fr/fr/spectacles/saison-2024-2025/tout-le-spectacle-vivant/entre-chiens-et-louves
Anthea;Les ballets Trockadero de Monte Carlo ;2025-03-29;https://www.anthea-antibes.fr/img/spectacles/saison-2024-2025/2024-04-1243-les-ballets-trockadero-de-monte-carlo.jpg;https://www.anthea-antibes.fr/fr/spectacles/saison-2024-2025/tout-le-spectacle-vivant/les-ballets-trockadero-de-monte-carlo
Anthea;Les ballets Trockadero de Monte Carlo ;2025-03-30;https://www.anthea-antibes.fr/img/spectacles/saison-2024-2025/2024-04-1243-les-ballets-trockadero-de-monte-carlo.jpg;https://www.anthea-antibes.fr/fr/spectacles/saison-2024-2025/tout-le-spectacle-vivant/les-ballets-trockadero-de-monte-carlo
Anthea;Changer l'eau des fleurs ;2025-03-31;https://www.anthea-antibes.fr/img/spectacles/saison-2024-2025/2024-04-1201-changer-l-eau-des-fleurs.jpg;https://www.anthea-antibes.fr/fr/spectacles/saison-2024-2025/tout-le-theatre/changer-l-eau-des-fleurs
Anthea;Changer l'eau des fleurs ;2025-04-01;https://www.anthea-antibes.fr/img/spectacles/saison-2024-2025/2024-04-1201-changer-l-eau-des-fleurs.jpg;https://www.anthea-antibes.fr/fr/spectacles/saison-2024-2025/tout-le-theatre/changer-l-eau-des-fleurs
Anthea;Changer l'eau des fleurs ;2025-04-02;https://www.anthea-antibes.fr/img/spectacles/saison-2024-2025/2024-04-1201-changer-l-eau-des-fleurs.jpg;https://www.anthea-antibes.fr/fr/spectacles/saison-2024-2025/tout-le-theatre/changer-l-eau-des-fleurs
Anthea;Rapport pour une académie;2025-04-01;https://www.anthea-antibes.fr/img/spectacles/saison-2024-2025/2024-04-1202-rapport-pour-une-academie.jpg;https://www.anthea-antibes.fr/fr/spectacles/saison-2024-2025/tout-le-theatre/rapport-pour-une-academie
Anthea;Rapport pour une académie;2025-04-02;https://www.anthea-antibes.fr/img/spectacles/saison-2024-2025/2024-04-1202-rapport-pour-une-academie.jpg;https://www.anthea-antibes.fr/fr/spectacles/saison-2024-2025/tout-le-theatre/rapport-pour-une-academie
Anthea;Rapport pour une académie;2025-04-03;https://www.anthea-antibes.fr/img/spectacles/saison-2024-2025/2024-04-1202-rapport-pour-une-academie.jpg;https://www.anthea-antibes.fr/fr/spectacles/saison-2024-2025/tout-le-theatre/rapport-pour-une-academie
Anthea;Amour;2025-04-05;https://www.anthea-antibes.fr/img/spectacles/saison-2024-2025/2024-04-1204-amour.jpg;https://www.anthea-antibes.fr/fr/spectacles/saison-2024-2025/tout-le-theatre/amour
Anthea;Art;2025-04-22;https://www.anthea-antibes.fr/img/spectacles/saison-2024-2025/2024-04-1145-art.jpg;https://www.anthea-antibes.fr/fr/spectacles/saison-2024-2025/privilege-theatre/art
Anthea;Art;2025-04-23;https://www.anthea-antibes.fr/img/spectacles/saison-2024-2025/2024-04-1145-art.jpg;https://www.anthea-antibes.fr/fr/spectacles/saison-2024-2025/privilege-theatre/art
Anthea;Art;2025-04-24;https://www.anthea-antibes.fr/img/spectacles/saison-2024-2025/2024-04-1145-art.jpg;https://www.anthea-antibes.fr/fr/spectacles/saison-2024-2025/privilege-theatre/art
Anthea;Agôn;2025-04-22;https://www.anthea-antibes.fr/img/spectacles/saison-2024-2025/2024-04-1207-agon.jpg;https://www.anthea-antibes.fr/fr/spectacles/saison-2024-2025/tout-le-theatre/agon
Anthea;Agôn;2025-04-23;https://www.anthea-antibes.fr/img/spectacles/saison-2024-2025/2024-04-1207-agon.jpg;https://www.anthea-antibes.fr/fr/spectacles/saison-2024-2025/tout-le-theatre/agon
Anthea;Agôn;2025-04-24;https://www.anthea-antibes.fr/img/spectacles/saison-2024-2025/2024-04-1207-agon.jpg;https://www.anthea-antibes.fr/fr/spectacles/saison-2024-2025/tout-le-theatre/agon
Anthea;Agôn;2025-04-25;https://www.anthea-antibes.fr/img/spectacles/saison-2024-2025/2024-04-1207-agon.jpg;https://www.anthea-antibes.fr/fr/spectacles/saison-2024-2025/tout-le-theatre/agon
Anthea;Agôn;2025-04-26;https://www.anthea-antibes.fr/img/spectacles/saison-2024-2025/2024-04-1207-agon.jpg;https://www.anthea-antibes.fr/fr/spectacles/saison-2024-2025/tout-le-theatre/agon
Anthea;Passeport;2025-04-25;https://www.anthea-antibes.fr/img/spectacles/saison-2024-2025/2024-04-1208-passeport.jpg;https://www.anthea-antibes.fr/fr/spectacles/saison-2024-2025/tout-le-theatre/passeport
Anthea;Passeport;2025-04-26;https://www.anthea-antibes.fr/img/spectacles/saison-2024-2025/2024-04-1208-passeport.jpg;https://www.anthea-antibes.fr/fr/spectacles/saison-2024-2025/tout-le-theatre/passeport
Anthea;LA HAINE | Comédie musicale ;2025-04-25;https://www.anthea-antibes.fr/img/spectacles/saison-2024-2025/2024-05-1259-la-haine.png;https://www.anthea-antibes.fr/fr/spectacles/saison-2024-2025/spectacles-bonus-abonnes/la-haine
Anthea;LA HAINE | Comédie musicale ;2025-04-26;https://www.anthea-antibes.fr/img/spectacles/saison-2024-2025/2024-05-1259-la-haine.png;https://www.anthea-antibes.fr/fr/spectacles/saison-2024-2025/spectacles-bonus-abonnes/la-haine
Anthea;Blockbuster;2025-04-29;https://www.anthea-antibes.fr/img/spectacles/saison-2024-2025/2024-04-1246-blockbuster.jpg;https://www.anthea-antibes.fr/fr/spectacles/saison-2024-2025/tout-le-spectacle-vivant/blockbuster
Anthea;Blockbuster;2025-04-30;https://www.anthea-antibes.fr/img/spectacles/saison-2024-2025/2024-04-1246-blockbuster.jpg;https://www.anthea-antibes.fr/fr/spectacles/saison-2024-2025/tout-le-spectacle-vivant/blockbuster
Anthea;Cher cinéma;2025-05-07;https://www.anthea-antibes.fr/img/spectacles/saison-2024-2025/2024-04-1249-cher-cinema.jpg;https://www.anthea-antibes.fr/fr/spectacles/saison-2024-2025/tout-le-spectacle-vivant/cher-cinema
Anthea;Scène Partagée AVEC L’ORCHESTRE NATIONAL DE CANNES ET LES SOLISTES DU CONSERVATOIRE D’ANTIBES;2025-05-14;https://www.anthea-antibes.fr/img/spectacles/saison-2024-2025/2024-04-1252-scene-partagee.jpg;https://www.anthea-antibes.fr/fr/spectacles/saison-2024-2025/tout-le-spectacle-vivant/scene-partagee
Anthea;In Vigneaux Veritas;2025-05-15;https://www.anthea-antibes.fr/img/spectacles/saison-2024-2025/2024-04-1253-in-vigneaux-veritas.jpg;https://www.anthea-antibes.fr/fr/spectacles/saison-2024-2025/tout-le-spectacle-vivant/in-vigneaux-veritas
Anthea;In Vigneaux Veritas;2025-05-16;https://www.anthea-antibes.fr/img/spectacles/saison-2024-2025/2024-04-1253-in-vigneaux-veritas.jpg;https://www.anthea-antibes.fr/fr/spectacles/saison-2024-2025/tout-le-spectacle-vivant/in-vigneaux-veritas
Anthea;Les gros patinent bien ;2025-05-21;https://www.anthea-antibes.fr/img/spectacles/saison-2024-2025/2024-04-1211-les-gros-patinent-bien.jpg;https://www.anthea-antibes.fr/fr/spectacles/saison-2024-2025/tout-le-theatre/les-gros-patinent-bien
Anthea;Les gros patinent bien ;2025-05-22;https://www.anthea-antibes.fr/img/spectacles/saison-2024-2025/2024-04-1211-les-gros-patinent-bien.jpg;https://www.anthea-antibes.fr/fr/spectacles/saison-2024-2025/tout-le-theatre/les-gros-patinent-bien
Anthea;Phèdre !;2025-05-21;https://www.anthea-antibes.fr/img/spectacles/saison-2024-2025/2024-04-1213-phedre.jpg;https://www.anthea-antibes.fr/fr/spectacles/saison-2024-2025/tout-le-theatre/phedre
Anthea;Phèdre !;2025-05-22;https://www.anthea-antibes.fr/img/spectacles/saison-2024-2025/2024-04-1213-phedre.jpg;https://www.anthea-antibes.fr/fr/spectacles/saison-2024-2025/tout-le-theatre/phedre
Anthea;Phèdre !;2025-05-23;https://www.anthea-antibes.fr/img/spectacles/saison-2024-2025/2024-04-1213-phedre.jpg;https://www.anthea-antibes.fr/fr/spectacles/saison-2024-2025/tout-le-theatre/phedre
Anthea;Phèdre !;2025-05-24;https://www.anthea-antibes.fr/img/spectacles/saison-2024-2025/2024-04-1213-phedre.jpg;https://www.anthea-antibes.fr/fr/spectacles/saison-2024-2025/tout-le-theatre/phedre
Anthea;Phèdre !;2025-05-25;https://www.anthea-antibes.fr/img/spectacles/saison-2024-2025/2024-04-1213-phedre.jpg;https://www.anthea-antibes.fr/fr/spectacles/saison-2024-2025/tout-le-theatre/phedre
Anthea;Pink Martini;2025-05-27;https://www.anthea-antibes.fr/img/spectacles/saison-2024-2025/2024-04-1163-pink-martini.jpg;https://www.anthea-antibes.fr/fr/spectacles/saison-2024-2025/privilege-spectacle-vivant/pink-martini
Anthea;Pink Martini;2025-05-28;https://www.anthea-antibes.fr/img/spectacles/saison-2024-2025/2024-04-1163-pink-martini.jpg;https://www.anthea-antibes.fr/fr/spectacles/saison-2024-2025/privilege-spectacle-vivant/pink-martini
Anthea;Alex LutzNouveau spectacle;2025-05-30;https://www.anthea-antibes.fr/img/spectacles/saison-2024-2025/2024-04-1164-alex-lutz-nouveau-spectacle.jpg;https://www.anthea-antibes.fr/fr/spectacles/saison-2024-2025/privilege-spectacle-vivant/alex-lutz-nouveau-spectacle
Anthea;Alex LutzNouveau spectacle;2025-05-31;https://www.anthea-antibes.fr/img/spectacles/saison-2024-2025/2024-04-1164-alex-lutz-nouveau-spectacle.jpg;https://www.anthea-antibes.fr/fr/spectacles/saison-2024-2025/privilege-spectacle-vivant/alex-lutz-nouveau-spectacle
Anthea;La Fontaine et le confinement;2025-06-01;https://www.anthea-antibes.fr/img/spectacles/saison-2024-2025/2024-04-1146-la-fontaine-et-le-confinement.jpg;https://www.anthea-antibes.fr/fr/spectacles/saison-2024-2025/privilege-theatre/la-fontaine-et-le-confinement
Anthea;La Fontaine et le confinement;2025-06-02;https://www.anthea-antibes.fr/img/spectacles/saison-2024-2025/2024-04-1146-la-fontaine-et-le-confinement.jpg;https://www.anthea-antibes.fr/fr/spectacles/saison-2024-2025/privilege-theatre/la-fontaine-et-le-confinement
Anthea;La Fontaine et le confinement;2025-06-03;https://www.anthea-antibes.fr/img/spectacles/saison-2024-2025/2024-04-1146-la-fontaine-et-le-confinement.jpg;https://www.anthea-antibes.fr/fr/spectacles/saison-2024-2025/privilege-theatre/la-fontaine-et-le-confinement
Anthea;Carmen;2025-06-11;https://www.anthea-antibes.fr/img/spectacles/saison-2024-2025/2024-04-1167-carmen.jpg;https://www.anthea-antibes.fr/fr/spectacles/saison-2024-2025/privilege-spectacle-vivant/carmen
Anthea;Carmen;2025-06-13;https://www.anthea-antibes.fr/img/spectacles/saison-2024-2025/2024-04-1167-carmen.jpg;https://www.anthea-antibes.fr/fr/spectacles/saison-2024-2025/privilege-spectacle-vivant/carmen
Anthea;Carmen;2025-06-15;https://www.anthea-antibes.fr/img/spectacles/saison-2024-2025/2024-04-1167-carmen.jpg;https://www.anthea-antibes.fr/fr/spectacles/saison-2024-2025/privilege-spectacle-vivant/carmen
