Palais des festivals - Cannes;Le Soldat Rose;2024-01-06;https://api.cloudly.space/resize/cropratioresize/460/345/60/aHR0cHM6Ly9zdGF0aWMuYXBpZGFlLXRvdXJpc21lLmNvbS9maWxlc3RvcmUvb2JqZXRzLXRvdXJpc3RpcXVlcy9pbWFnZXMvMjM2LzE5Mi8yMDY5MzIyOC5qcGc=/image.jpg;https://www.palaisdesfestivals.com/offres/le-soldat-rose-cannes-fr-4257938/
Palais des festivals - Cannes;Orchestre National de Cannes - Concert du Nouvel An - Music on Broadway !;2024-01-07;https://api.cloudly.space/resize/cropratioresize/460/345/60/aHR0cHM6Ly9zdGF0aWMuYXBpZGFlLXRvdXJpc21lLmNvbS9maWxlc3RvcmUvb2JqZXRzLXRvdXJpc3RpcXVlcy9pbWFnZXMvMTIxLzE2Mi8xNzIxMjAyNS5qcGc=/image.jpg;https://www.palaisdesfestivals.com/offres/orchestre-national-de-cannes-concert-du-nouvel-an-music-on-broadway-cannes-fr-4190179/
Palais des festivals - Cannes;Amour, Gloire et Mozart - Episode 3;2024-01-11;https://api.cloudly.space/resize/cropratioresize/460/345/60/aHR0cHM6Ly9zdGF0aWMuYXBpZGFlLXRvdXJpc21lLmNvbS9maWxlc3RvcmUvb2JqZXRzLXRvdXJpc3RpcXVlcy9pbWFnZXMvMjI1LzI0MS8xNzM2MzQyNS5qcGc=/image.jpg;https://www.palaisdesfestivals.com/offres/amour-gloire-et-mozart-episode-3-cannes-fr-4198004/
Palais des festivals - Cannes;Amour, Gloire et Mozart - Episode 3;2024-01-14;https://api.cloudly.space/resize/cropratioresize/460/345/60/aHR0cHM6Ly9zdGF0aWMuYXBpZGFlLXRvdXJpc21lLmNvbS9maWxlc3RvcmUvb2JqZXRzLXRvdXJpc3RpcXVlcy9pbWFnZXMvMjI1LzI0MS8xNzM2MzQyNS5qcGc=/image.jpg;https://www.palaisdesfestivals.com/offres/amour-gloire-et-mozart-episode-3-cannes-fr-4198004/
Palais des festivals - Cannes;Baby concert - Janvier;2024-01-13;https://api.cloudly.space/resize/cropratioresize/460/345/60/aHR0cHM6Ly9zdGF0aWMuYXBpZGFlLXRvdXJpc21lLmNvbS9maWxlc3RvcmUvb2JqZXRzLXRvdXJpc3RpcXVlcy9pbWFnZXMvMTMvMTY2LzIwMTYyMDYxLmpwZw==/image.jpg;https://www.palaisdesfestivals.com/offres/baby-concert-janvier-cannes-fr-4197981/
Palais des festivals - Cannes;Ballet Julien Lestel - Rodin;2024-01-14;https://api.cloudly.space/resize/cropratioresize/460/345/60/aHR0cHM6Ly9zdGF0aWMuYXBpZGFlLXRvdXJpc21lLmNvbS9maWxlc3RvcmUvb2JqZXRzLXRvdXJpc3RpcXVlcy9pbWFnZXMvMTIxLzk2LzE3MjYwNjY1LmpwZw==/image.jpg;https://www.palaisdesfestivals.com/offres/ballet-julien-lestel-rodin-cannes-fr-4189190/
Palais des festivals - Cannes;Break the floor international;2024-01-21;https://api.cloudly.space/resize/cropratioresize/460/345/60/aHR0cHM6Ly9zdGF0aWMuYXBpZGFlLXRvdXJpc21lLmNvbS9maWxlc3RvcmUvb2JqZXRzLXRvdXJpc3RpcXVlcy9pbWFnZXMvMTQxLzk2LzE3MjYwNjg1LmpwZw==/image.jpg;https://www.palaisdesfestivals.com/offres/break-the-floor-international-cannes-fr-4190186/
Palais des festivals - Cannes;Orchestre de Cannes /Yaron Deutsch;2024-01-24;https://api.cloudly.space/resize/cropratioresize/460/345/60/aHR0cHM6Ly9zdGF0aWMuYXBpZGFlLXRvdXJpc21lLmNvbS9maWxlc3RvcmUvb2JqZXRzLXRvdXJpc3RpcXVlcy9pbWFnZXMvNjUvMTMzLzE5NzYwNDQ5LmpwZw==/image.jpg;https://www.palaisdesfestivals.com/offres/orchestre-de-cannes-yaron-deutsch-cannes-fr-4492549/
Palais des festivals - Cannes;Baxter Dury / Royal Republic;2024-01-24;https://api.cloudly.space/resize/cropratioresize/460/345/60/aHR0cHM6Ly9zdGF0aWMuYXBpZGFlLXRvdXJpc21lLmNvbS9maWxlc3RvcmUvb2JqZXRzLXRvdXJpc3RpcXVlcy9pbWFnZXMvMTcwLzEzMC8xOTc1OTc4Ni5qcGc=/image.jpg;https://www.palaisdesfestivals.com/offres/baxter-dury-royal-republic-cannes-fr-4492550/
Palais des festivals - Cannes;Kid Francescoli / French 79;2024-01-25;https://api.cloudly.space/resize/cropratioresize/460/345/60/aHR0cHM6Ly9zdGF0aWMuYXBpZGFlLXRvdXJpc21lLmNvbS9maWxlc3RvcmUvb2JqZXRzLXRvdXJpc3RpcXVlcy9pbWFnZXMvNTgvMTMxLzE5NzU5OTMwLmpwZw==/image.jpg;https://www.palaisdesfestivals.com/offres/kid-francescoli-french-79-cannes-fr-4492547/
Palais des festivals - Cannes;Yemi Alade;2024-01-25;https://api.cloudly.space/resize/cropratioresize/460/345/60/aHR0cHM6Ly9zdGF0aWMuYXBpZGFlLXRvdXJpc21lLmNvbS9maWxlc3RvcmUvb2JqZXRzLXRvdXJpc3RpcXVlcy9pbWFnZXMvMjAzLzEzMS8xOTc2MDA3NS5qcGc=/image.jpg;https://www.palaisdesfestivals.com/offres/yemi-alade-cannes-fr-4492548/
Palais des festivals - Cannes;Black Star / De La Soul Live Band;2024-01-26;https://api.cloudly.space/resize/cropratioresize/460/345/60/aHR0cHM6Ly9zdGF0aWMuYXBpZGFlLXRvdXJpc21lLmNvbS9maWxlc3RvcmUvb2JqZXRzLXRvdXJpc3RpcXVlcy9pbWFnZXMvMjA0LzEyNy8yMDI4MzM0MC5qcGc=/image.jpg;https://www.palaisdesfestivals.com/offres/black-star-de-la-soul-live-band-cannes-fr-4593493/
Palais des festivals - Cannes;Madame Monsieur / Clara Yse;2024-01-26;https://api.cloudly.space/resize/cropratioresize/460/345/60/aHR0cHM6Ly9zdGF0aWMuYXBpZGFlLXRvdXJpc21lLmNvbS9maWxlc3RvcmUvb2JqZXRzLXRvdXJpc3RpcXVlcy9pbWFnZXMvNy8xMzAvMTk3NTk2MjMuanBn/image.jpg;https://www.palaisdesfestivals.com/offres/madame-monsieur-clara-yse-cannes-fr-4492545/
Palais des festivals - Cannes;Ensemble Alicantus;2024-01-27;https://api.cloudly.space/resize/cropratioresize/460/345/60/aHR0cHM6Ly9zdGF0aWMuYXBpZGFlLXRvdXJpc21lLmNvbS9maWxlc3RvcmUvb2JqZXRzLXRvdXJpc3RpcXVlcy9pbWFnZXMvMjE5LzE2OS8yMDI5NDEwNy5qcGc=/image.jpg;https://www.palaisdesfestivals.com/offres/ensemble-alicantus-cannes-fr-4594426/
Palais des festivals - Cannes;Soolking;2024-01-27;https://api.cloudly.space/resize/cropratioresize/460/345/60/aHR0cHM6Ly9zdGF0aWMuYXBpZGFlLXRvdXJpc21lLmNvbS9maWxlc3RvcmUvb2JqZXRzLXRvdXJpc3RpcXVlcy9pbWFnZXMvMzgvMTMyLzE5NzYwMTY2LmpwZw==/image.jpg;https://www.palaisdesfestivals.com/offres/soolking-cannes-fr-4492546/
Palais des festivals - Cannes;Amour, Gloire et Mozart - Episode 4;2024-01-25;https://api.cloudly.space/resize/cropratioresize/460/345/60/aHR0cHM6Ly9zdGF0aWMuYXBpZGFlLXRvdXJpc21lLmNvbS9maWxlc3RvcmUvb2JqZXRzLXRvdXJpc3RpcXVlcy9pbWFnZXMvNjYvMjQyLzE3MzYzNTIyLmpwZw==/image.jpg;https://www.palaisdesfestivals.com/offres/amour-gloire-et-mozart-episode-4-cannes-fr-4197985/
Palais des festivals - Cannes;Amour, Gloire et Mozart - Episode 4;2024-01-28;https://api.cloudly.space/resize/cropratioresize/460/345/60/aHR0cHM6Ly9zdGF0aWMuYXBpZGFlLXRvdXJpc21lLmNvbS9maWxlc3RvcmUvb2JqZXRzLXRvdXJpc3RpcXVlcy9pbWFnZXMvNjYvMjQyLzE3MzYzNTIyLmpwZw==/image.jpg;https://www.palaisdesfestivals.com/offres/amour-gloire-et-mozart-episode-4-cannes-fr-4197985/
Palais des festivals - Cannes;Le manteau de Janis;2024-02-02;https://api.cloudly.space/resize/cropratioresize/460/345/60/aHR0cHM6Ly9zdGF0aWMuYXBpZGFlLXRvdXJpc21lLmNvbS9maWxlc3RvcmUvb2JqZXRzLXRvdXJpc3RpcXVlcy9pbWFnZXMvMTUyLzE4MS8yMDQyODE4NC5qcGc=/image.jpg;https://www.palaisdesfestivals.com/offres/le-manteau-de-janis-cannes-fr-4190188/
Palais des festivals - Cannes;Conférence "Les Voix qui enchantent";2024-02-02;https://api.cloudly.space/resize/cropratioresize/460/345/60/aHR0cHM6Ly9zdGF0aWMuYXBpZGFlLXRvdXJpc21lLmNvbS9maWxlc3RvcmUvb2JqZXRzLXRvdXJpc3RpcXVlcy9pbWFnZXMvMTkwLzExNC8yMDY3MzIxNC5qcGc=/image.jpg;https://www.palaisdesfestivals.com/offres/conference-les-voix-qui-enchantent-cannes-fr-4614223/
Palais des festivals - Cannes;La fondation Aznavour présente : Aznavour classique;2024-02-04;https://api.cloudly.space/resize/cropratioresize/460/345/60/aHR0cHM6Ly9zdGF0aWMuYXBpZGFlLXRvdXJpc21lLmNvbS9maWxlc3RvcmUvb2JqZXRzLXRvdXJpc3RpcXVlcy9pbWFnZXMvMzMvOTcvMTcyNjA4MzMuanBn/image.jpg;https://www.palaisdesfestivals.com/offres/la-fondation-aznavour-presente-aznavour-classique-cannes-fr-4190185/
Palais des festivals - Cannes;Sous la Présidence de S.A.R. la Princesse de Hanovre -  Les Ballets de Monté-Carlo -  Jean-Christophe Maillot - ROMÉO et JULIETTE;2024-02-11;https://api.cloudly.space/resize/cropratioresize/460/345/60/aHR0cHM6Ly9zdGF0aWMuYXBpZGFlLXRvdXJpc21lLmNvbS9maWxlc3RvcmUvb2JqZXRzLXRvdXJpc3RpcXVlcy9pbWFnZXMvMTUyLzk4LzE3MjYxMjA4LmpwZw==/image.jpg;https://www.palaisdesfestivals.com/offres/sous-la-presidence-de-s-a-r-la-princesse-de-hanovre-les-ballets-de-monte-carlo-jean-christophe-maillot-romeo-et-juliette-cannes-fr-4190180/
Palais des festivals - Cannes;Une oeuvre, une heure - Bernstein;2024-02-11;https://api.cloudly.space/resize/cropratioresize/460/345/60/aHR0cHM6Ly9zdGF0aWMuYXBpZGFlLXRvdXJpc21lLmNvbS9maWxlc3RvcmUvb2JqZXRzLXRvdXJpc3RpcXVlcy9pbWFnZXMvMTcwLzIwNy8xNzIyMzU5NC5qcGc=/image.jpg;https://www.palaisdesfestivals.com/offres/une-oeuvre-une-heure-bernstein-cannes-fr-4198003/
Palais des festivals - Cannes;Orchestre National de Cannes - Samuel Barber par Renaud Capuçon;2024-02-18;https://api.cloudly.space/resize/cropratioresize/460/345/60/aHR0cHM6Ly9zdGF0aWMuYXBpZGFlLXRvdXJpc21lLmNvbS9maWxlc3RvcmUvb2JqZXRzLXRvdXJpc3RpcXVlcy9pbWFnZXMvMTYzLzE2Mi8xNzIxMjA2Ny5qcGc=/image.jpg;https://www.palaisdesfestivals.com/offres/orchestre-national-de-cannes-samuel-barber-par-renaud-capucon-cannes-fr-4190189/
Palais des festivals - Cannes;Le bel aujourd'hui - Bruno Montovani;2024-02-22;https://api.cloudly.space/resize/cropratioresize/460/345/60/aHR0cHM6Ly9zdGF0aWMuYXBpZGFlLXRvdXJpc21lLmNvbS9maWxlc3RvcmUvb2JqZXRzLXRvdXJpc3RpcXVlcy9pbWFnZXMvMTA3LzIzOC8xNzIzMTQ2Ny5qcGc=/image.jpg;https://www.palaisdesfestivals.com/offres/le-bel-aujourdhui-bruno-montovani-cannes-fr-4197993/
Palais des festivals - Cannes;Festival International des Jeux;2024-02-23;https://api.cloudly.space/resize/cropratioresize/460/345/60/aHR0cHM6Ly9zdGF0aWMuYXBpZGFlLXRvdXJpc21lLmNvbS9maWxlc3RvcmUvb2JqZXRzLXRvdXJpc3RpcXVlcy9pbWFnZXMvMjUzLzQ1LzIwMDAwMjUzLmpwZw==/image.jpg;https://www.palaisdesfestivals.com/offres/festival-international-des-jeux-cannes-fr-3783892/
Palais des festivals - Cannes;Festival International des Jeux;2024-02-24;https://api.cloudly.space/resize/cropratioresize/460/345/60/aHR0cHM6Ly9zdGF0aWMuYXBpZGFlLXRvdXJpc21lLmNvbS9maWxlc3RvcmUvb2JqZXRzLXRvdXJpc3RpcXVlcy9pbWFnZXMvMjUzLzQ1LzIwMDAwMjUzLmpwZw==/image.jpg;https://www.palaisdesfestivals.com/offres/festival-international-des-jeux-cannes-fr-3783892/
Palais des festivals - Cannes;Festival International des Jeux;2024-02-25;https://api.cloudly.space/resize/cropratioresize/460/345/60/aHR0cHM6Ly9zdGF0aWMuYXBpZGFlLXRvdXJpc21lLmNvbS9maWxlc3RvcmUvb2JqZXRzLXRvdXJpc3RpcXVlcy9pbWFnZXMvMjUzLzQ1LzIwMDAwMjUzLmpwZw==/image.jpg;https://www.palaisdesfestivals.com/offres/festival-international-des-jeux-cannes-fr-3783892/
Palais des festivals - Cannes;Orchestre National de Cannes - Nouveau Monde;2024-03-02;https://api.cloudly.space/resize/cropratioresize/460/345/60/aHR0cHM6Ly9zdGF0aWMuYXBpZGFlLXRvdXJpc21lLmNvbS9maWxlc3RvcmUvb2JqZXRzLXRvdXJpc3RpcXVlcy9pbWFnZXMvMjQxLzE2Mi8xNzIxMjE0NS5qcGc=/image.jpg;https://www.palaisdesfestivals.com/offres/orchestre-national-de-cannes-nouveau-monde-cannes-fr-4190191/
Palais des festivals - Cannes;Les joyaux du ballet;2024-03-03;https://api.cloudly.space/resize/cropratioresize/460/345/60/aHR0cHM6Ly9zdGF0aWMuYXBpZGFlLXRvdXJpc21lLmNvbS9maWxlc3RvcmUvb2JqZXRzLXRvdXJpc3RpcXVlcy9pbWFnZXMvMTU1Lzk4LzE3MjYxMjExLmpwZw==/image.jpg;https://www.palaisdesfestivals.com/offres/les-joyaux-du-ballet-cannes-fr-4190187/
Palais des festivals - Cannes;Baby concert - Mars;2024-03-09;https://api.cloudly.space/resize/cropratioresize/460/345/60/aHR0cHM6Ly9zdGF0aWMuYXBpZGFlLXRvdXJpc21lLmNvbS9maWxlc3RvcmUvb2JqZXRzLXRvdXJpc3RpcXVlcy9pbWFnZXMvMjQ5LzE2NS8yMDE2MjA0MS5qcGc=/image.jpg;https://www.palaisdesfestivals.com/offres/baby-concert-mars-cannes-fr-4198005/
Palais des festivals - Cannes;Arlucs Symphonique - Odysée Anglaise;2024-03-07;https://api.cloudly.space/resize/cropratioresize/460/345/60/aHR0cHM6Ly9zdGF0aWMuYXBpZGFlLXRvdXJpc21lLmNvbS9maWxlc3RvcmUvb2JqZXRzLXRvdXJpc3RpcXVlcy9pbWFnZXMvMjEwLzIwNi8xNzIyMzM3OC5qcGc=/image.jpg;https://www.palaisdesfestivals.com/offres/arlucs-symphonique-odysee-anglaise-cannes-fr-4197978/
Palais des festivals - Cannes;Arlucs Symphonique - Odysée Anglaise;2024-03-10;https://api.cloudly.space/resize/cropratioresize/460/345/60/aHR0cHM6Ly9zdGF0aWMuYXBpZGFlLXRvdXJpc21lLmNvbS9maWxlc3RvcmUvb2JqZXRzLXRvdXJpc3RpcXVlcy9pbWFnZXMvMjEwLzIwNi8xNzIyMzM3OC5qcGc=/image.jpg;https://www.palaisdesfestivals.com/offres/arlucs-symphonique-odysee-anglaise-cannes-fr-4197978/
Palais des festivals - Cannes;Suite Royale;2024-03-16;https://api.cloudly.space/resize/cropratioresize/460/345/60/aHR0cHM6Ly9zdGF0aWMuYXBpZGFlLXRvdXJpc21lLmNvbS9maWxlc3RvcmUvb2JqZXRzLXRvdXJpc3RpcXVlcy9pbWFnZXMvOTEvMTQwLzE5NzYyMjY3LmpwZw==/image.jpg;https://www.palaisdesfestivals.com/offres/suite-royale-cannes-fr-4190190/
Palais des festivals - Cannes;Arluc Symphonique - Saint Patrick's concert;2024-03-16;https://api.cloudly.space/resize/cropratioresize/460/345/60/aHR0cHM6Ly9zdGF0aWMuYXBpZGFlLXRvdXJpc21lLmNvbS9maWxlc3RvcmUvb2JqZXRzLXRvdXJpc3RpcXVlcy9pbWFnZXMvMTkvMjA3LzE3MjIzNDQzLmpwZw==/image.jpg;https://www.palaisdesfestivals.com/offres/arluc-symphonique-saint-patricks-concert-cannes-fr-4197999/
Palais des festivals - Cannes;Pomme - consolation;2024-03-17;https://api.cloudly.space/resize/cropratioresize/460/345/60/aHR0cHM6Ly9zdGF0aWMuYXBpZGFlLXRvdXJpc21lLmNvbS9maWxlc3RvcmUvb2JqZXRzLXRvdXJpc3RpcXVlcy9pbWFnZXMvMTYzLzk4LzE3MjYxMjE5LmpwZw==/image.jpg;https://www.palaisdesfestivals.com/offres/pomme-consolation-cannes-fr-4201078/
Palais des festivals - Cannes;Système Castafiore – Postcard;2024-03-15;https://api.cloudly.space/resize/cropratioresize/460/345/60/aHR0cHM6Ly9zdGF0aWMuYXBpZGFlLXRvdXJpc21lLmNvbS9maWxlc3RvcmUvb2JqZXRzLXRvdXJpc3RpcXVlcy9pbWFnZXMvNTMvMTczLzE3MzQ1ODQ1LmpwZw==/image.jpg;https://www.palaisdesfestivals.com/offres/systeme-castafiore-postcard-grasse-fr-4209862/
Palais des festivals - Cannes;Système Castafiore – Postcard;2024-03-16;https://api.cloudly.space/resize/cropratioresize/460/345/60/aHR0cHM6Ly9zdGF0aWMuYXBpZGFlLXRvdXJpc21lLmNvbS9maWxlc3RvcmUvb2JqZXRzLXRvdXJpc3RpcXVlcy9pbWFnZXMvNTMvMTczLzE3MzQ1ODQ1LmpwZw==/image.jpg;https://www.palaisdesfestivals.com/offres/systeme-castafiore-postcard-grasse-fr-4209862/
Palais des festivals - Cannes;Système Castafiore – Postcard;2024-03-17;https://api.cloudly.space/resize/cropratioresize/460/345/60/aHR0cHM6Ly9zdGF0aWMuYXBpZGFlLXRvdXJpc21lLmNvbS9maWxlc3RvcmUvb2JqZXRzLXRvdXJpc3RpcXVlcy9pbWFnZXMvNTMvMTczLzE3MzQ1ODQ1LmpwZw==/image.jpg;https://www.palaisdesfestivals.com/offres/systeme-castafiore-postcard-grasse-fr-4209862/
Palais des festivals - Cannes;L'île des jamais trop tard;2024-03-23;https://api.cloudly.space/resize/cropratioresize/460/345/60/aHR0cHM6Ly9zdGF0aWMuYXBpZGFlLXRvdXJpc21lLmNvbS9maWxlc3RvcmUvb2JqZXRzLXRvdXJpc3RpcXVlcy9pbWFnZXMvMjUxLzI0NC8xNzIzMzE0Ny5qcGc=/image.jpg;https://www.palaisdesfestivals.com/offres/lile-des-jamais-trop-tard-cannes-fr-4197977/
Palais des festivals - Cannes;L'île des jamais trop tard;2024-03-24;https://api.cloudly.space/resize/cropratioresize/460/345/60/aHR0cHM6Ly9zdGF0aWMuYXBpZGFlLXRvdXJpc21lLmNvbS9maWxlc3RvcmUvb2JqZXRzLXRvdXJpc3RpcXVlcy9pbWFnZXMvMjUxLzI0NC8xNzIzMzE0Ny5qcGc=/image.jpg;https://www.palaisdesfestivals.com/offres/lile-des-jamais-trop-tard-cannes-fr-4197977/
Palais des festivals - Cannes;Carte blanche - #2 - Till L’espiègle;2024-03-26;https://api.cloudly.space/resize/cropratioresize/460/345/60/aHR0cHM6Ly9zdGF0aWMuYXBpZGFlLXRvdXJpc21lLmNvbS9maWxlc3RvcmUvb2JqZXRzLXRvdXJpc3RpcXVlcy9pbWFnZXMvMTc3LzI0MC8xNzIzMjA0OS5qcGc=/image.jpg;https://www.palaisdesfestivals.com/offres/carte-blanche-2-till-lespiegle-cannes-fr-4197998/
Palais des festivals - Cannes;Jarry;2024-03-29;https://api.cloudly.space/resize/cropratioresize/460/345/60/aHR0cHM6Ly9zdGF0aWMuYXBpZGFlLXRvdXJpc21lLmNvbS9maWxlc3RvcmUvb2JqZXRzLXRvdXJpc3RpcXVlcy9pbWFnZXMvMTY2LzE3Ny8xNzE1MDM3NC5qcGc=/image.jpg;https://www.palaisdesfestivals.com/offres/jarry-cannes-fr-4168697/
Palais des festivals - Cannes;EMKA x CCN de Créteil et du Val-de-Marne - "Portrait";2024-03-30;https://api.cloudly.space/resize/cropratioresize/460/345/60/aHR0cHM6Ly9zdGF0aWMuYXBpZGFlLXRvdXJpc21lLmNvbS9maWxlc3RvcmUvb2JqZXRzLXRvdXJpc3RpcXVlcy9pbWFnZXMvMTY3Lzk4LzE3MjYxMjIzLmpwZw==/image.jpg;https://www.palaisdesfestivals.com/offres/emka-x-ccn-de-creteil-et-du-val-de-marne-portrait-cannes-fr-4190183/
Palais des festivals - Cannes;Régine Chopinot – Top;2024-04-05;https://api.cloudly.space/resize/cropratioresize/460/345/60/aHR0cHM6Ly9zdGF0aWMuYXBpZGFlLXRvdXJpc21lLmNvbS9maWxlc3RvcmUvb2JqZXRzLXRvdXJpc3RpcXVlcy9pbWFnZXMvOTcvMTczLzE3MzQ1ODg5LmpwZw==/image.jpg;https://www.palaisdesfestivals.com/offres/regine-chopinot-top-mougins-fr-4201077/
Palais des festivals - Cannes;Canneseries;2024-03-05;https://api.cloudly.space/resize/cropratioresize/460/345/60/aHR0cHM6Ly9zdGF0aWMuYXBpZGFlLXRvdXJpc21lLmNvbS9maWxlc3RvcmUvb2JqZXRzLXRvdXJpc3RpcXVlcy9pbWFnZXMvNzcvMTg1LzEzNjc4OTI1LmpwZw==/image.jpg;https://www.palaisdesfestivals.com/offres/canneseries-cannes-fr-3754602/
Palais des festivals - Cannes;Canneseries;2024-03-06;https://api.cloudly.space/resize/cropratioresize/460/345/60/aHR0cHM6Ly9zdGF0aWMuYXBpZGFlLXRvdXJpc21lLmNvbS9maWxlc3RvcmUvb2JqZXRzLXRvdXJpc3RpcXVlcy9pbWFnZXMvNzcvMTg1LzEzNjc4OTI1LmpwZw==/image.jpg;https://www.palaisdesfestivals.com/offres/canneseries-cannes-fr-3754602/
Palais des festivals - Cannes;Canneseries;2024-03-07;https://api.cloudly.space/resize/cropratioresize/460/345/60/aHR0cHM6Ly9zdGF0aWMuYXBpZGFlLXRvdXJpc21lLmNvbS9maWxlc3RvcmUvb2JqZXRzLXRvdXJpc3RpcXVlcy9pbWFnZXMvNzcvMTg1LzEzNjc4OTI1LmpwZw==/image.jpg;https://www.palaisdesfestivals.com/offres/canneseries-cannes-fr-3754602/
Palais des festivals - Cannes;Canneseries;2024-03-08;https://api.cloudly.space/resize/cropratioresize/460/345/60/aHR0cHM6Ly9zdGF0aWMuYXBpZGFlLXRvdXJpc21lLmNvbS9maWxlc3RvcmUvb2JqZXRzLXRvdXJpc3RpcXVlcy9pbWFnZXMvNzcvMTg1LzEzNjc4OTI1LmpwZw==/image.jpg;https://www.palaisdesfestivals.com/offres/canneseries-cannes-fr-3754602/
Palais des festivals - Cannes;Canneseries;2024-03-09;https://api.cloudly.space/resize/cropratioresize/460/345/60/aHR0cHM6Ly9zdGF0aWMuYXBpZGFlLXRvdXJpc21lLmNvbS9maWxlc3RvcmUvb2JqZXRzLXRvdXJpc3RpcXVlcy9pbWFnZXMvNzcvMTg1LzEzNjc4OTI1LmpwZw==/image.jpg;https://www.palaisdesfestivals.com/offres/canneseries-cannes-fr-3754602/
Palais des festivals - Cannes;Canneseries;2024-03-10;https://api.cloudly.space/resize/cropratioresize/460/345/60/aHR0cHM6Ly9zdGF0aWMuYXBpZGFlLXRvdXJpc21lLmNvbS9maWxlc3RvcmUvb2JqZXRzLXRvdXJpc3RpcXVlcy9pbWFnZXMvNzcvMTg1LzEzNjc4OTI1LmpwZw==/image.jpg;https://www.palaisdesfestivals.com/offres/canneseries-cannes-fr-3754602/
Palais des festivals - Cannes;Orchestre National de Cannes - Rachmaninov par Nelson Goerner;2024-04-06;https://api.cloudly.space/resize/cropratioresize/460/345/60/aHR0cHM6Ly9zdGF0aWMuYXBpZGFlLXRvdXJpc21lLmNvbS9maWxlc3RvcmUvb2JqZXRzLXRvdXJpc3RpcXVlcy9pbWFnZXMvMzIvMTYzLzE3MjEyMTkyLmpwZw==/image.jpg;https://www.palaisdesfestivals.com/offres/orchestre-national-de-cannes-rachmaninov-par-nelson-goerner-cannes-fr-4190177/
Palais des festivals - Cannes;I Muvrini - Piu Forti Tour;2024-04-07;https://api.cloudly.space/resize/cropratioresize/460/345/60/aHR0cHM6Ly9zdGF0aWMuYXBpZGFlLXRvdXJpc21lLmNvbS9maWxlc3RvcmUvb2JqZXRzLXRvdXJpc3RpcXVlcy9pbWFnZXMvMTcyLzk4LzE3MjYxMjI4LmpwZw==/image.jpg;https://www.palaisdesfestivals.com/offres/i-muvrini-piu-forti-tour-cannes-fr-4190182/
Palais des festivals - Cannes;Carte blanche #3 - English Duets;2024-04-09;https://api.cloudly.space/resize/cropratioresize/460/345/60/aHR0cHM6Ly9zdGF0aWMuYXBpZGFlLXRvdXJpc21lLmNvbS9maWxlc3RvcmUvb2JqZXRzLXRvdXJpc3RpcXVlcy9pbWFnZXMvMjMwLzI0MC8xNzIzMjEwMi5qcGc=/image.jpg;https://www.palaisdesfestivals.com/offres/carte-blanche-3-english-duets-cannes-fr-4197975/
Palais des festivals - Cannes;Le secret de Sherlock Holmes;2024-04-13;https://api.cloudly.space/resize/cropratioresize/460/345/60/aHR0cHM6Ly9zdGF0aWMuYXBpZGFlLXRvdXJpc21lLmNvbS9maWxlc3RvcmUvb2JqZXRzLXRvdXJpc3RpcXVlcy9pbWFnZXMvMTczLzk4LzE3MjYxMjI5LmpwZw==/image.jpg;https://www.palaisdesfestivals.com/offres/le-secret-de-sherlock-holmes-cannes-fr-4190178/
Palais des festivals - Cannes;Les Souliers Rouges;2024-04-20;https://api.cloudly.space/resize/cropratioresize/460/345/60/aHR0cHM6Ly9zdGF0aWMuYXBpZGFlLXRvdXJpc21lLmNvbS9maWxlc3RvcmUvb2JqZXRzLXRvdXJpc3RpcXVlcy9pbWFnZXMvMjQ2LzEwMS8xOTQ5MDI5NC5qcGc=/image.jpg;https://www.palaisdesfestivals.com/offres/les-souliers-rouges-cannes-fr-4257937/
Palais des festivals - Cannes;Baby concert Avril;2024-04-20;https://api.cloudly.space/resize/cropratioresize/460/345/60/aHR0cHM6Ly9zdGF0aWMuYXBpZGFlLXRvdXJpc21lLmNvbS9maWxlc3RvcmUvb2JqZXRzLXRvdXJpc3RpcXVlcy9pbWFnZXMvMjI0LzE2NS8yMDE2MjAxNi5qcGc=/image.jpg;https://www.palaisdesfestivals.com/offres/baby-concert-avril-cannes-fr-4197988/
Palais des festivals - Cannes;Arluc symphonique - Sérénade Britanique;2024-04-18;https://api.cloudly.space/resize/cropratioresize/460/345/60/aHR0cHM6Ly9zdGF0aWMuYXBpZGFlLXRvdXJpc21lLmNvbS9maWxlc3RvcmUvb2JqZXRzLXRvdXJpc3RpcXVlcy9pbWFnZXMvNzUvMjA3LzE3MjIzNDk5LmpwZw==/image.jpg;https://www.palaisdesfestivals.com/offres/arluc-symphonique-serenade-britanique-cannes-fr-4198000/
Palais des festivals - Cannes;Arluc symphonique - Sérénade Britanique;2024-04-21;https://api.cloudly.space/resize/cropratioresize/460/345/60/aHR0cHM6Ly9zdGF0aWMuYXBpZGFlLXRvdXJpc21lLmNvbS9maWxlc3RvcmUvb2JqZXRzLXRvdXJpc3RpcXVlcy9pbWFnZXMvNzUvMjA3LzE3MjIzNDk5LmpwZw==/image.jpg;https://www.palaisdesfestivals.com/offres/arluc-symphonique-serenade-britanique-cannes-fr-4198000/
Palais des festivals - Cannes;Le bel aujourd'hui - Alexis Savelief;2024-04-25;https://api.cloudly.space/resize/cropratioresize/460/345/60/aHR0cHM6Ly9zdGF0aWMuYXBpZGFlLXRvdXJpc21lLmNvbS9maWxlc3RvcmUvb2JqZXRzLXRvdXJpc3RpcXVlcy9pbWFnZXMvMTQ0LzIzOC8xNzIzMTUwNC5qcGc=/image.jpg;https://www.palaisdesfestivals.com/offres/le-bel-aujourdhui-alexis-savelief-cannes-fr-4197979/
Palais des festivals - Cannes;Une idée géniale;2024-04-27;https://api.cloudly.space/resize/cropratioresize/460/345/60/aHR0cHM6Ly9zdGF0aWMuYXBpZGFlLXRvdXJpc21lLmNvbS9maWxlc3RvcmUvb2JqZXRzLXRvdXJpc3RpcXVlcy9pbWFnZXMvMTgyLzk4LzE3MjYxMjM4LmpwZw==/image.jpg;https://www.palaisdesfestivals.com/offres/une-idee-geniale-cannes-fr-4190181/
Palais des festivals - Cannes;Festival de Cannes;2024-04-14;https://api.cloudly.space/resize/cropratioresize/460/345/60/aHR0cHM6Ly9zdGF0aWMuYXBpZGFlLXRvdXJpc21lLmNvbS9maWxlc3RvcmUvb2JqZXRzLXRvdXJpc3RpcXVlcy9pbWFnZXMvODQvMTQ3LzEyODgyNzcyLmpwZw==/image.jpg;https://www.palaisdesfestivals.com/offres/festival-de-cannes-cannes-fr-3605871/
Palais des festivals - Cannes;Festival de Cannes;2024-04-15;https://api.cloudly.space/resize/cropratioresize/460/345/60/aHR0cHM6Ly9zdGF0aWMuYXBpZGFlLXRvdXJpc21lLmNvbS9maWxlc3RvcmUvb2JqZXRzLXRvdXJpc3RpcXVlcy9pbWFnZXMvODQvMTQ3LzEyODgyNzcyLmpwZw==/image.jpg;https://www.palaisdesfestivals.com/offres/festival-de-cannes-cannes-fr-3605871/
Palais des festivals - Cannes;Festival de Cannes;2024-04-16;https://api.cloudly.space/resize/cropratioresize/460/345/60/aHR0cHM6Ly9zdGF0aWMuYXBpZGFlLXRvdXJpc21lLmNvbS9maWxlc3RvcmUvb2JqZXRzLXRvdXJpc3RpcXVlcy9pbWFnZXMvODQvMTQ3LzEyODgyNzcyLmpwZw==/image.jpg;https://www.palaisdesfestivals.com/offres/festival-de-cannes-cannes-fr-3605871/
Palais des festivals - Cannes;Festival de Cannes;2024-04-17;https://api.cloudly.space/resize/cropratioresize/460/345/60/aHR0cHM6Ly9zdGF0aWMuYXBpZGFlLXRvdXJpc21lLmNvbS9maWxlc3RvcmUvb2JqZXRzLXRvdXJpc3RpcXVlcy9pbWFnZXMvODQvMTQ3LzEyODgyNzcyLmpwZw==/image.jpg;https://www.palaisdesfestivals.com/offres/festival-de-cannes-cannes-fr-3605871/
Palais des festivals - Cannes;Festival de Cannes;2024-04-18;https://api.cloudly.space/resize/cropratioresize/460/345/60/aHR0cHM6Ly9zdGF0aWMuYXBpZGFlLXRvdXJpc21lLmNvbS9maWxlc3RvcmUvb2JqZXRzLXRvdXJpc3RpcXVlcy9pbWFnZXMvODQvMTQ3LzEyODgyNzcyLmpwZw==/image.jpg;https://www.palaisdesfestivals.com/offres/festival-de-cannes-cannes-fr-3605871/
Palais des festivals - Cannes;Festival de Cannes;2024-04-19;https://api.cloudly.space/resize/cropratioresize/460/345/60/aHR0cHM6Ly9zdGF0aWMuYXBpZGFlLXRvdXJpc21lLmNvbS9maWxlc3RvcmUvb2JqZXRzLXRvdXJpc3RpcXVlcy9pbWFnZXMvODQvMTQ3LzEyODgyNzcyLmpwZw==/image.jpg;https://www.palaisdesfestivals.com/offres/festival-de-cannes-cannes-fr-3605871/
Palais des festivals - Cannes;Festival de Cannes;2024-04-20;https://api.cloudly.space/resize/cropratioresize/460/345/60/aHR0cHM6Ly9zdGF0aWMuYXBpZGFlLXRvdXJpc21lLmNvbS9maWxlc3RvcmUvb2JqZXRzLXRvdXJpc3RpcXVlcy9pbWFnZXMvODQvMTQ3LzEyODgyNzcyLmpwZw==/image.jpg;https://www.palaisdesfestivals.com/offres/festival-de-cannes-cannes-fr-3605871/
Palais des festivals - Cannes;Festival de Cannes;2024-04-21;https://api.cloudly.space/resize/cropratioresize/460/345/60/aHR0cHM6Ly9zdGF0aWMuYXBpZGFlLXRvdXJpc21lLmNvbS9maWxlc3RvcmUvb2JqZXRzLXRvdXJpc3RpcXVlcy9pbWFnZXMvODQvMTQ3LzEyODgyNzcyLmpwZw==/image.jpg;https://www.palaisdesfestivals.com/offres/festival-de-cannes-cannes-fr-3605871/
Palais des festivals - Cannes;Festival de Cannes;2024-04-22;https://api.cloudly.space/resize/cropratioresize/460/345/60/aHR0cHM6Ly9zdGF0aWMuYXBpZGFlLXRvdXJpc21lLmNvbS9maWxlc3RvcmUvb2JqZXRzLXRvdXJpc3RpcXVlcy9pbWFnZXMvODQvMTQ3LzEyODgyNzcyLmpwZw==/image.jpg;https://www.palaisdesfestivals.com/offres/festival-de-cannes-cannes-fr-3605871/
Palais des festivals - Cannes;Festival de Cannes;2024-04-23;https://api.cloudly.space/resize/cropratioresize/460/345/60/aHR0cHM6Ly9zdGF0aWMuYXBpZGFlLXRvdXJpc21lLmNvbS9maWxlc3RvcmUvb2JqZXRzLXRvdXJpc3RpcXVlcy9pbWFnZXMvODQvMTQ3LzEyODgyNzcyLmpwZw==/image.jpg;https://www.palaisdesfestivals.com/offres/festival-de-cannes-cannes-fr-3605871/
Palais des festivals - Cannes;Festival de Cannes;2024-04-24;https://api.cloudly.space/resize/cropratioresize/460/345/60/aHR0cHM6Ly9zdGF0aWMuYXBpZGFlLXRvdXJpc21lLmNvbS9maWxlc3RvcmUvb2JqZXRzLXRvdXJpc3RpcXVlcy9pbWFnZXMvODQvMTQ3LzEyODgyNzcyLmpwZw==/image.jpg;https://www.palaisdesfestivals.com/offres/festival-de-cannes-cannes-fr-3605871/
Palais des festivals - Cannes;Festival de Cannes;2024-04-25;https://api.cloudly.space/resize/cropratioresize/460/345/60/aHR0cHM6Ly9zdGF0aWMuYXBpZGFlLXRvdXJpc21lLmNvbS9maWxlc3RvcmUvb2JqZXRzLXRvdXJpc3RpcXVlcy9pbWFnZXMvODQvMTQ3LzEyODgyNzcyLmpwZw==/image.jpg;https://www.palaisdesfestivals.com/offres/festival-de-cannes-cannes-fr-3605871/
Palais des festivals - Cannes;Concert apéritif - Promenade;2024-05-30;https://api.cloudly.space/resize/cropratioresize/460/345/60/aHR0cHM6Ly9zdGF0aWMuYXBpZGFlLXRvdXJpc21lLmNvbS9maWxlc3RvcmUvb2JqZXRzLXRvdXJpc3RpcXVlcy9pbWFnZXMvNy8yMzkvMTcyMzE2MjMuanBn/image.jpg;https://www.palaisdesfestivals.com/offres/concert-aperitif-promenade-cannes-fr-4197992/
Palais des festivals - Cannes;Concert apéritif - Pastoral;2024-06-06;https://api.cloudly.space/resize/cropratioresize/460/345/60/aHR0cHM6Ly9zdGF0aWMuYXBpZGFlLXRvdXJpc21lLmNvbS9maWxlc3RvcmUvb2JqZXRzLXRvdXJpc3RpcXVlcy9pbWFnZXMvMTM5LzIzOS8xNzIzMTc1NS5qcGc=/image.jpg;https://www.palaisdesfestivals.com/offres/concert-aperitif-pastoral-cannes-fr-4197982/
Palais des festivals - Cannes;Concert apéritif - Printanier;2024-06-13;https://api.cloudly.space/resize/cropratioresize/460/345/60/aHR0cHM6Ly9zdGF0aWMuYXBpZGFlLXRvdXJpc21lLmNvbS9maWxlc3RvcmUvb2JqZXRzLXRvdXJpc3RpcXVlcy9pbWFnZXMvMTkvMjQ3LzE3MzY0NzU1LmpwZw==/image.jpg;https://www.palaisdesfestivals.com/offres/concert-aperitif-printanier-cannes-fr-4197983/
Palais des festivals - Cannes;À vous de jouer ! Concert participatif;2024-06-23;https://api.cloudly.space/resize/cropratioresize/460/345/60/aHR0cHM6Ly9zdGF0aWMuYXBpZGFlLXRvdXJpc21lLmNvbS9maWxlc3RvcmUvb2JqZXRzLXRvdXJpc3RpcXVlcy9pbWFnZXMvNDQvMTYzLzE3MjEyMjA0LmpwZw==/image.jpg;https://www.palaisdesfestivals.com/offres/a-vous-de-jouer-concert-participatif-cannes-fr-4567874/
Palais des festivals - Cannes;Concert apéritif - Estival;2024-06-27;https://api.cloudly.space/resize/cropratioresize/460/345/60/aHR0cHM6Ly9zdGF0aWMuYXBpZGFlLXRvdXJpc21lLmNvbS9maWxlc3RvcmUvb2JqZXRzLXRvdXJpc3RpcXVlcy9pbWFnZXMvNy8yNDAvMTcyMzE4NzkuanBn/image.jpg;https://www.palaisdesfestivals.com/offres/concert-aperitif-estival-cannes-fr-4197995/
Palais des festivals - Cannes;James Blunt;2024-07-15;https://api.cloudly.space/resize/cropratioresize/460/345/60/aHR0cHM6Ly9zdGF0aWMuYXBpZGFlLXRvdXJpc21lLmNvbS9maWxlc3RvcmUvb2JqZXRzLXRvdXJpc3RpcXVlcy9pbWFnZXMvMTYzLzE3NS8yMDE2NDUxNS5qcGc=/image.jpg;https://www.palaisdesfestivals.com/offres/james-blunt-cannes-fr-4587484/
Palais des festivals - Cannes;Nile Rodgers & Chic;2024-07-23;https://api.cloudly.space/resize/cropratioresize/460/345/60/aHR0cHM6Ly9zdGF0aWMuYXBpZGFlLXRvdXJpc21lLmNvbS9maWxlc3RvcmUvb2JqZXRzLXRvdXJpc3RpcXVlcy9pbWFnZXMvMjM1LzE3NS8yMDE2NDU4Ny5qcGc=/image.jpg;https://www.palaisdesfestivals.com/offres/nile-rodgers-chic-cannes-fr-4613778/
Palais des festivals - Cannes;Nile Rodgers & Chic;2024-07-23;https://api.cloudly.space/resize/cropratioresize/460/345/60/aHR0cHM6Ly9zdGF0aWMuYXBpZGFlLXRvdXJpc21lLmNvbS9maWxlc3RvcmUvb2JqZXRzLXRvdXJpc3RpcXVlcy9pbWFnZXMvMTQzLzE3OC8yMDE2NTI2My5qcGc=/image.jpg;https://www.palaisdesfestivals.com/offres/nile-rodgers-chic-cannes-fr-4587485/
Palais des festivals - Cannes;Les Plages Electroniques;2024-07-16;https://api.cloudly.space/resize/cropratioresize/460/345/60/aHR0cHM6Ly9zdGF0aWMuYXBpZGFlLXRvdXJpc21lLmNvbS9maWxlc3RvcmUvb2JqZXRzLXRvdXJpc3RpcXVlcy9pbWFnZXMvMjQ5LzEwLzEyOTc4OTM3LmpwZw==/image.jpg;https://www.palaisdesfestivals.com/offres/les-plages-electroniques-cannes-fr-3606302/
Palais des festivals - Cannes;Les Plages Electroniques;2024-07-17;https://api.cloudly.space/resize/cropratioresize/460/345/60/aHR0cHM6Ly9zdGF0aWMuYXBpZGFlLXRvdXJpc21lLmNvbS9maWxlc3RvcmUvb2JqZXRzLXRvdXJpc3RpcXVlcy9pbWFnZXMvMjQ5LzEwLzEyOTc4OTM3LmpwZw==/image.jpg;https://www.palaisdesfestivals.com/offres/les-plages-electroniques-cannes-fr-3606302/
Palais des festivals - Cannes;Les Plages Electroniques;2024-07-18;https://api.cloudly.space/resize/cropratioresize/460/345/60/aHR0cHM6Ly9zdGF0aWMuYXBpZGFlLXRvdXJpc21lLmNvbS9maWxlc3RvcmUvb2JqZXRzLXRvdXJpc3RpcXVlcy9pbWFnZXMvMjQ5LzEwLzEyOTc4OTM3LmpwZw==/image.jpg;https://www.palaisdesfestivals.com/offres/les-plages-electroniques-cannes-fr-3606302/
Palais des festivals - Cannes;Le Musée éphèmere du Cinéma - Exposition "The Kid" sur Chaplin;2024-06-09;https://api.cloudly.space/resize/cropratioresize/460/345/60/aHR0cHM6Ly9zdGF0aWMuYXBpZGFlLXRvdXJpc21lLmNvbS9maWxlc3RvcmUvb2JqZXRzLXRvdXJpc3RpcXVlcy9pbWFnZXMvMTUxLzY5LzIwNjYxNjU1LmpwZw==/image.jpg;https://www.palaisdesfestivals.com/offres/le-musee-ephemere-du-cinema-exposition-the-kid-sur-chaplin-cannes-fr-3699441/
Palais des festivals - Cannes;Le Musée éphèmere du Cinéma - Exposition "The Kid" sur Chaplin;2024-06-10;https://api.cloudly.space/resize/cropratioresize/460/345/60/aHR0cHM6Ly9zdGF0aWMuYXBpZGFlLXRvdXJpc21lLmNvbS9maWxlc3RvcmUvb2JqZXRzLXRvdXJpc3RpcXVlcy9pbWFnZXMvMTUxLzY5LzIwNjYxNjU1LmpwZw==/image.jpg;https://www.palaisdesfestivals.com/offres/le-musee-ephemere-du-cinema-exposition-the-kid-sur-chaplin-cannes-fr-3699441/
Palais des festivals - Cannes;Le Musée éphèmere du Cinéma - Exposition "The Kid" sur Chaplin;2024-06-11;https://api.cloudly.space/resize/cropratioresize/460/345/60/aHR0cHM6Ly9zdGF0aWMuYXBpZGFlLXRvdXJpc21lLmNvbS9maWxlc3RvcmUvb2JqZXRzLXRvdXJpc3RpcXVlcy9pbWFnZXMvMTUxLzY5LzIwNjYxNjU1LmpwZw==/image.jpg;https://www.palaisdesfestivals.com/offres/le-musee-ephemere-du-cinema-exposition-the-kid-sur-chaplin-cannes-fr-3699441/
Palais des festivals - Cannes;Le Musée éphèmere du Cinéma - Exposition "The Kid" sur Chaplin;2024-06-12;https://api.cloudly.space/resize/cropratioresize/460/345/60/aHR0cHM6Ly9zdGF0aWMuYXBpZGFlLXRvdXJpc21lLmNvbS9maWxlc3RvcmUvb2JqZXRzLXRvdXJpc3RpcXVlcy9pbWFnZXMvMTUxLzY5LzIwNjYxNjU1LmpwZw==/image.jpg;https://www.palaisdesfestivals.com/offres/le-musee-ephemere-du-cinema-exposition-the-kid-sur-chaplin-cannes-fr-3699441/
Palais des festivals - Cannes;Le Musée éphèmere du Cinéma - Exposition "The Kid" sur Chaplin;2024-06-13;https://api.cloudly.space/resize/cropratioresize/460/345/60/aHR0cHM6Ly9zdGF0aWMuYXBpZGFlLXRvdXJpc21lLmNvbS9maWxlc3RvcmUvb2JqZXRzLXRvdXJpc3RpcXVlcy9pbWFnZXMvMTUxLzY5LzIwNjYxNjU1LmpwZw==/image.jpg;https://www.palaisdesfestivals.com/offres/le-musee-ephemere-du-cinema-exposition-the-kid-sur-chaplin-cannes-fr-3699441/
Palais des festivals - Cannes;Le Musée éphèmere du Cinéma - Exposition "The Kid" sur Chaplin;2024-06-14;https://api.cloudly.space/resize/cropratioresize/460/345/60/aHR0cHM6Ly9zdGF0aWMuYXBpZGFlLXRvdXJpc21lLmNvbS9maWxlc3RvcmUvb2JqZXRzLXRvdXJpc3RpcXVlcy9pbWFnZXMvMTUxLzY5LzIwNjYxNjU1LmpwZw==/image.jpg;https://www.palaisdesfestivals.com/offres/le-musee-ephemere-du-cinema-exposition-the-kid-sur-chaplin-cannes-fr-3699441/
Palais des festivals - Cannes;Le Musée éphèmere du Cinéma - Exposition "The Kid" sur Chaplin;2024-06-15;https://api.cloudly.space/resize/cropratioresize/460/345/60/aHR0cHM6Ly9zdGF0aWMuYXBpZGFlLXRvdXJpc21lLmNvbS9maWxlc3RvcmUvb2JqZXRzLXRvdXJpc3RpcXVlcy9pbWFnZXMvMTUxLzY5LzIwNjYxNjU1LmpwZw==/image.jpg;https://www.palaisdesfestivals.com/offres/le-musee-ephemere-du-cinema-exposition-the-kid-sur-chaplin-cannes-fr-3699441/
Palais des festivals - Cannes;Le Musée éphèmere du Cinéma - Exposition "The Kid" sur Chaplin;2024-06-16;https://api.cloudly.space/resize/cropratioresize/460/345/60/aHR0cHM6Ly9zdGF0aWMuYXBpZGFlLXRvdXJpc21lLmNvbS9maWxlc3RvcmUvb2JqZXRzLXRvdXJpc3RpcXVlcy9pbWFnZXMvMTUxLzY5LzIwNjYxNjU1LmpwZw==/image.jpg;https://www.palaisdesfestivals.com/offres/le-musee-ephemere-du-cinema-exposition-the-kid-sur-chaplin-cannes-fr-3699441/
Palais des festivals - Cannes;Le Musée éphèmere du Cinéma - Exposition "The Kid" sur Chaplin;2024-06-17;https://api.cloudly.space/resize/cropratioresize/460/345/60/aHR0cHM6Ly9zdGF0aWMuYXBpZGFlLXRvdXJpc21lLmNvbS9maWxlc3RvcmUvb2JqZXRzLXRvdXJpc3RpcXVlcy9pbWFnZXMvMTUxLzY5LzIwNjYxNjU1LmpwZw==/image.jpg;https://www.palaisdesfestivals.com/offres/le-musee-ephemere-du-cinema-exposition-the-kid-sur-chaplin-cannes-fr-3699441/
Palais des festivals - Cannes;Le Musée éphèmere du Cinéma - Exposition "The Kid" sur Chaplin;2024-06-18;https://api.cloudly.space/resize/cropratioresize/460/345/60/aHR0cHM6Ly9zdGF0aWMuYXBpZGFlLXRvdXJpc21lLmNvbS9maWxlc3RvcmUvb2JqZXRzLXRvdXJpc3RpcXVlcy9pbWFnZXMvMTUxLzY5LzIwNjYxNjU1LmpwZw==/image.jpg;https://www.palaisdesfestivals.com/offres/le-musee-ephemere-du-cinema-exposition-the-kid-sur-chaplin-cannes-fr-3699441/
Palais des festivals - Cannes;Le Musée éphèmere du Cinéma - Exposition "The Kid" sur Chaplin;2024-06-19;https://api.cloudly.space/resize/cropratioresize/460/345/60/aHR0cHM6Ly9zdGF0aWMuYXBpZGFlLXRvdXJpc21lLmNvbS9maWxlc3RvcmUvb2JqZXRzLXRvdXJpc3RpcXVlcy9pbWFnZXMvMTUxLzY5LzIwNjYxNjU1LmpwZw==/image.jpg;https://www.palaisdesfestivals.com/offres/le-musee-ephemere-du-cinema-exposition-the-kid-sur-chaplin-cannes-fr-3699441/
Palais des festivals - Cannes;Le Musée éphèmere du Cinéma - Exposition "The Kid" sur Chaplin;2024-06-20;https://api.cloudly.space/resize/cropratioresize/460/345/60/aHR0cHM6Ly9zdGF0aWMuYXBpZGFlLXRvdXJpc21lLmNvbS9maWxlc3RvcmUvb2JqZXRzLXRvdXJpc3RpcXVlcy9pbWFnZXMvMTUxLzY5LzIwNjYxNjU1LmpwZw==/image.jpg;https://www.palaisdesfestivals.com/offres/le-musee-ephemere-du-cinema-exposition-the-kid-sur-chaplin-cannes-fr-3699441/
Palais des festivals - Cannes;Le Musée éphèmere du Cinéma - Exposition "The Kid" sur Chaplin;2024-06-21;https://api.cloudly.space/resize/cropratioresize/460/345/60/aHR0cHM6Ly9zdGF0aWMuYXBpZGFlLXRvdXJpc21lLmNvbS9maWxlc3RvcmUvb2JqZXRzLXRvdXJpc3RpcXVlcy9pbWFnZXMvMTUxLzY5LzIwNjYxNjU1LmpwZw==/image.jpg;https://www.palaisdesfestivals.com/offres/le-musee-ephemere-du-cinema-exposition-the-kid-sur-chaplin-cannes-fr-3699441/
Palais des festivals - Cannes;Le Musée éphèmere du Cinéma - Exposition "The Kid" sur Chaplin;2024-06-22;https://api.cloudly.space/resize/cropratioresize/460/345/60/aHR0cHM6Ly9zdGF0aWMuYXBpZGFlLXRvdXJpc21lLmNvbS9maWxlc3RvcmUvb2JqZXRzLXRvdXJpc3RpcXVlcy9pbWFnZXMvMTUxLzY5LzIwNjYxNjU1LmpwZw==/image.jpg;https://www.palaisdesfestivals.com/offres/le-musee-ephemere-du-cinema-exposition-the-kid-sur-chaplin-cannes-fr-3699441/
Palais des festivals - Cannes;Le Musée éphèmere du Cinéma - Exposition "The Kid" sur Chaplin;2024-06-23;https://api.cloudly.space/resize/cropratioresize/460/345/60/aHR0cHM6Ly9zdGF0aWMuYXBpZGFlLXRvdXJpc21lLmNvbS9maWxlc3RvcmUvb2JqZXRzLXRvdXJpc3RpcXVlcy9pbWFnZXMvMTUxLzY5LzIwNjYxNjU1LmpwZw==/image.jpg;https://www.palaisdesfestivals.com/offres/le-musee-ephemere-du-cinema-exposition-the-kid-sur-chaplin-cannes-fr-3699441/
Palais des festivals - Cannes;Le Musée éphèmere du Cinéma - Exposition "The Kid" sur Chaplin;2024-06-24;https://api.cloudly.space/resize/cropratioresize/460/345/60/aHR0cHM6Ly9zdGF0aWMuYXBpZGFlLXRvdXJpc21lLmNvbS9maWxlc3RvcmUvb2JqZXRzLXRvdXJpc3RpcXVlcy9pbWFnZXMvMTUxLzY5LzIwNjYxNjU1LmpwZw==/image.jpg;https://www.palaisdesfestivals.com/offres/le-musee-ephemere-du-cinema-exposition-the-kid-sur-chaplin-cannes-fr-3699441/
Palais des festivals - Cannes;Le Musée éphèmere du Cinéma - Exposition "The Kid" sur Chaplin;2024-06-25;https://api.cloudly.space/resize/cropratioresize/460/345/60/aHR0cHM6Ly9zdGF0aWMuYXBpZGFlLXRvdXJpc21lLmNvbS9maWxlc3RvcmUvb2JqZXRzLXRvdXJpc3RpcXVlcy9pbWFnZXMvMTUxLzY5LzIwNjYxNjU1LmpwZw==/image.jpg;https://www.palaisdesfestivals.com/offres/le-musee-ephemere-du-cinema-exposition-the-kid-sur-chaplin-cannes-fr-3699441/
Palais des festivals - Cannes;Le Musée éphèmere du Cinéma - Exposition "The Kid" sur Chaplin;2024-06-26;https://api.cloudly.space/resize/cropratioresize/460/345/60/aHR0cHM6Ly9zdGF0aWMuYXBpZGFlLXRvdXJpc21lLmNvbS9maWxlc3RvcmUvb2JqZXRzLXRvdXJpc3RpcXVlcy9pbWFnZXMvMTUxLzY5LzIwNjYxNjU1LmpwZw==/image.jpg;https://www.palaisdesfestivals.com/offres/le-musee-ephemere-du-cinema-exposition-the-kid-sur-chaplin-cannes-fr-3699441/
Palais des festivals - Cannes;Le Musée éphèmere du Cinéma - Exposition "The Kid" sur Chaplin;2024-06-27;https://api.cloudly.space/resize/cropratioresize/460/345/60/aHR0cHM6Ly9zdGF0aWMuYXBpZGFlLXRvdXJpc21lLmNvbS9maWxlc3RvcmUvb2JqZXRzLXRvdXJpc3RpcXVlcy9pbWFnZXMvMTUxLzY5LzIwNjYxNjU1LmpwZw==/image.jpg;https://www.palaisdesfestivals.com/offres/le-musee-ephemere-du-cinema-exposition-the-kid-sur-chaplin-cannes-fr-3699441/
Palais des festivals - Cannes;Le Musée éphèmere du Cinéma - Exposition "The Kid" sur Chaplin;2024-06-28;https://api.cloudly.space/resize/cropratioresize/460/345/60/aHR0cHM6Ly9zdGF0aWMuYXBpZGFlLXRvdXJpc21lLmNvbS9maWxlc3RvcmUvb2JqZXRzLXRvdXJpc3RpcXVlcy9pbWFnZXMvMTUxLzY5LzIwNjYxNjU1LmpwZw==/image.jpg;https://www.palaisdesfestivals.com/offres/le-musee-ephemere-du-cinema-exposition-the-kid-sur-chaplin-cannes-fr-3699441/
Palais des festivals - Cannes;Le Musée éphèmere du Cinéma - Exposition "The Kid" sur Chaplin;2024-06-29;https://api.cloudly.space/resize/cropratioresize/460/345/60/aHR0cHM6Ly9zdGF0aWMuYXBpZGFlLXRvdXJpc21lLmNvbS9maWxlc3RvcmUvb2JqZXRzLXRvdXJpc3RpcXVlcy9pbWFnZXMvMTUxLzY5LzIwNjYxNjU1LmpwZw==/image.jpg;https://www.palaisdesfestivals.com/offres/le-musee-ephemere-du-cinema-exposition-the-kid-sur-chaplin-cannes-fr-3699441/
Palais des festivals - Cannes;Le Musée éphèmere du Cinéma - Exposition "The Kid" sur Chaplin;2024-06-30;https://api.cloudly.space/resize/cropratioresize/460/345/60/aHR0cHM6Ly9zdGF0aWMuYXBpZGFlLXRvdXJpc21lLmNvbS9maWxlc3RvcmUvb2JqZXRzLXRvdXJpc3RpcXVlcy9pbWFnZXMvMTUxLzY5LzIwNjYxNjU1LmpwZw==/image.jpg;https://www.palaisdesfestivals.com/offres/le-musee-ephemere-du-cinema-exposition-the-kid-sur-chaplin-cannes-fr-3699441/
Palais des festivals - Cannes;Le Musée éphèmere du Cinéma - Exposition "The Kid" sur Chaplin;2024-07-01;https://api.cloudly.space/resize/cropratioresize/460/345/60/aHR0cHM6Ly9zdGF0aWMuYXBpZGFlLXRvdXJpc21lLmNvbS9maWxlc3RvcmUvb2JqZXRzLXRvdXJpc3RpcXVlcy9pbWFnZXMvMTUxLzY5LzIwNjYxNjU1LmpwZw==/image.jpg;https://www.palaisdesfestivals.com/offres/le-musee-ephemere-du-cinema-exposition-the-kid-sur-chaplin-cannes-fr-3699441/
Palais des festivals - Cannes;Le Musée éphèmere du Cinéma - Exposition "The Kid" sur Chaplin;2024-07-02;https://api.cloudly.space/resize/cropratioresize/460/345/60/aHR0cHM6Ly9zdGF0aWMuYXBpZGFlLXRvdXJpc21lLmNvbS9maWxlc3RvcmUvb2JqZXRzLXRvdXJpc3RpcXVlcy9pbWFnZXMvMTUxLzY5LzIwNjYxNjU1LmpwZw==/image.jpg;https://www.palaisdesfestivals.com/offres/le-musee-ephemere-du-cinema-exposition-the-kid-sur-chaplin-cannes-fr-3699441/
Palais des festivals - Cannes;Le Musée éphèmere du Cinéma - Exposition "The Kid" sur Chaplin;2024-07-03;https://api.cloudly.space/resize/cropratioresize/460/345/60/aHR0cHM6Ly9zdGF0aWMuYXBpZGFlLXRvdXJpc21lLmNvbS9maWxlc3RvcmUvb2JqZXRzLXRvdXJpc3RpcXVlcy9pbWFnZXMvMTUxLzY5LzIwNjYxNjU1LmpwZw==/image.jpg;https://www.palaisdesfestivals.com/offres/le-musee-ephemere-du-cinema-exposition-the-kid-sur-chaplin-cannes-fr-3699441/
Palais des festivals - Cannes;Le Musée éphèmere du Cinéma - Exposition "The Kid" sur Chaplin;2024-07-04;https://api.cloudly.space/resize/cropratioresize/460/345/60/aHR0cHM6Ly9zdGF0aWMuYXBpZGFlLXRvdXJpc21lLmNvbS9maWxlc3RvcmUvb2JqZXRzLXRvdXJpc3RpcXVlcy9pbWFnZXMvMTUxLzY5LzIwNjYxNjU1LmpwZw==/image.jpg;https://www.palaisdesfestivals.com/offres/le-musee-ephemere-du-cinema-exposition-the-kid-sur-chaplin-cannes-fr-3699441/
Palais des festivals - Cannes;Le Musée éphèmere du Cinéma - Exposition "The Kid" sur Chaplin;2024-07-05;https://api.cloudly.space/resize/cropratioresize/460/345/60/aHR0cHM6Ly9zdGF0aWMuYXBpZGFlLXRvdXJpc21lLmNvbS9maWxlc3RvcmUvb2JqZXRzLXRvdXJpc3RpcXVlcy9pbWFnZXMvMTUxLzY5LzIwNjYxNjU1LmpwZw==/image.jpg;https://www.palaisdesfestivals.com/offres/le-musee-ephemere-du-cinema-exposition-the-kid-sur-chaplin-cannes-fr-3699441/
Palais des festivals - Cannes;Le Musée éphèmere du Cinéma - Exposition "The Kid" sur Chaplin;2024-07-06;https://api.cloudly.space/resize/cropratioresize/460/345/60/aHR0cHM6Ly9zdGF0aWMuYXBpZGFlLXRvdXJpc21lLmNvbS9maWxlc3RvcmUvb2JqZXRzLXRvdXJpc3RpcXVlcy9pbWFnZXMvMTUxLzY5LzIwNjYxNjU1LmpwZw==/image.jpg;https://www.palaisdesfestivals.com/offres/le-musee-ephemere-du-cinema-exposition-the-kid-sur-chaplin-cannes-fr-3699441/
Palais des festivals - Cannes;Le Musée éphèmere du Cinéma - Exposition "The Kid" sur Chaplin;2024-07-07;https://api.cloudly.space/resize/cropratioresize/460/345/60/aHR0cHM6Ly9zdGF0aWMuYXBpZGFlLXRvdXJpc21lLmNvbS9maWxlc3RvcmUvb2JqZXRzLXRvdXJpc3RpcXVlcy9pbWFnZXMvMTUxLzY5LzIwNjYxNjU1LmpwZw==/image.jpg;https://www.palaisdesfestivals.com/offres/le-musee-ephemere-du-cinema-exposition-the-kid-sur-chaplin-cannes-fr-3699441/
Palais des festivals - Cannes;Le Musée éphèmere du Cinéma - Exposition "The Kid" sur Chaplin;2024-07-08;https://api.cloudly.space/resize/cropratioresize/460/345/60/aHR0cHM6Ly9zdGF0aWMuYXBpZGFlLXRvdXJpc21lLmNvbS9maWxlc3RvcmUvb2JqZXRzLXRvdXJpc3RpcXVlcy9pbWFnZXMvMTUxLzY5LzIwNjYxNjU1LmpwZw==/image.jpg;https://www.palaisdesfestivals.com/offres/le-musee-ephemere-du-cinema-exposition-the-kid-sur-chaplin-cannes-fr-3699441/
Palais des festivals - Cannes;Le Musée éphèmere du Cinéma - Exposition "The Kid" sur Chaplin;2024-07-09;https://api.cloudly.space/resize/cropratioresize/460/345/60/aHR0cHM6Ly9zdGF0aWMuYXBpZGFlLXRvdXJpc21lLmNvbS9maWxlc3RvcmUvb2JqZXRzLXRvdXJpc3RpcXVlcy9pbWFnZXMvMTUxLzY5LzIwNjYxNjU1LmpwZw==/image.jpg;https://www.palaisdesfestivals.com/offres/le-musee-ephemere-du-cinema-exposition-the-kid-sur-chaplin-cannes-fr-3699441/
Palais des festivals - Cannes;Le Musée éphèmere du Cinéma - Exposition "The Kid" sur Chaplin;2024-07-10;https://api.cloudly.space/resize/cropratioresize/460/345/60/aHR0cHM6Ly9zdGF0aWMuYXBpZGFlLXRvdXJpc21lLmNvbS9maWxlc3RvcmUvb2JqZXRzLXRvdXJpc3RpcXVlcy9pbWFnZXMvMTUxLzY5LzIwNjYxNjU1LmpwZw==/image.jpg;https://www.palaisdesfestivals.com/offres/le-musee-ephemere-du-cinema-exposition-the-kid-sur-chaplin-cannes-fr-3699441/
Palais des festivals - Cannes;Le Musée éphèmere du Cinéma - Exposition "The Kid" sur Chaplin;2024-07-11;https://api.cloudly.space/resize/cropratioresize/460/345/60/aHR0cHM6Ly9zdGF0aWMuYXBpZGFlLXRvdXJpc21lLmNvbS9maWxlc3RvcmUvb2JqZXRzLXRvdXJpc3RpcXVlcy9pbWFnZXMvMTUxLzY5LzIwNjYxNjU1LmpwZw==/image.jpg;https://www.palaisdesfestivals.com/offres/le-musee-ephemere-du-cinema-exposition-the-kid-sur-chaplin-cannes-fr-3699441/
Palais des festivals - Cannes;Le Musée éphèmere du Cinéma - Exposition "The Kid" sur Chaplin;2024-07-12;https://api.cloudly.space/resize/cropratioresize/460/345/60/aHR0cHM6Ly9zdGF0aWMuYXBpZGFlLXRvdXJpc21lLmNvbS9maWxlc3RvcmUvb2JqZXRzLXRvdXJpc3RpcXVlcy9pbWFnZXMvMTUxLzY5LzIwNjYxNjU1LmpwZw==/image.jpg;https://www.palaisdesfestivals.com/offres/le-musee-ephemere-du-cinema-exposition-the-kid-sur-chaplin-cannes-fr-3699441/
Palais des festivals - Cannes;Le Musée éphèmere du Cinéma - Exposition "The Kid" sur Chaplin;2024-07-13;https://api.cloudly.space/resize/cropratioresize/460/345/60/aHR0cHM6Ly9zdGF0aWMuYXBpZGFlLXRvdXJpc21lLmNvbS9maWxlc3RvcmUvb2JqZXRzLXRvdXJpc3RpcXVlcy9pbWFnZXMvMTUxLzY5LzIwNjYxNjU1LmpwZw==/image.jpg;https://www.palaisdesfestivals.com/offres/le-musee-ephemere-du-cinema-exposition-the-kid-sur-chaplin-cannes-fr-3699441/
Palais des festivals - Cannes;Le Musée éphèmere du Cinéma - Exposition "The Kid" sur Chaplin;2024-07-14;https://api.cloudly.space/resize/cropratioresize/460/345/60/aHR0cHM6Ly9zdGF0aWMuYXBpZGFlLXRvdXJpc21lLmNvbS9maWxlc3RvcmUvb2JqZXRzLXRvdXJpc3RpcXVlcy9pbWFnZXMvMTUxLzY5LzIwNjYxNjU1LmpwZw==/image.jpg;https://www.palaisdesfestivals.com/offres/le-musee-ephemere-du-cinema-exposition-the-kid-sur-chaplin-cannes-fr-3699441/
Palais des festivals - Cannes;Le Musée éphèmere du Cinéma - Exposition "The Kid" sur Chaplin;2024-07-15;https://api.cloudly.space/resize/cropratioresize/460/345/60/aHR0cHM6Ly9zdGF0aWMuYXBpZGFlLXRvdXJpc21lLmNvbS9maWxlc3RvcmUvb2JqZXRzLXRvdXJpc3RpcXVlcy9pbWFnZXMvMTUxLzY5LzIwNjYxNjU1LmpwZw==/image.jpg;https://www.palaisdesfestivals.com/offres/le-musee-ephemere-du-cinema-exposition-the-kid-sur-chaplin-cannes-fr-3699441/
Palais des festivals - Cannes;Le Musée éphèmere du Cinéma - Exposition "The Kid" sur Chaplin;2024-07-16;https://api.cloudly.space/resize/cropratioresize/460/345/60/aHR0cHM6Ly9zdGF0aWMuYXBpZGFlLXRvdXJpc21lLmNvbS9maWxlc3RvcmUvb2JqZXRzLXRvdXJpc3RpcXVlcy9pbWFnZXMvMTUxLzY5LzIwNjYxNjU1LmpwZw==/image.jpg;https://www.palaisdesfestivals.com/offres/le-musee-ephemere-du-cinema-exposition-the-kid-sur-chaplin-cannes-fr-3699441/
Palais des festivals - Cannes;Le Musée éphèmere du Cinéma - Exposition "The Kid" sur Chaplin;2024-07-17;https://api.cloudly.space/resize/cropratioresize/460/345/60/aHR0cHM6Ly9zdGF0aWMuYXBpZGFlLXRvdXJpc21lLmNvbS9maWxlc3RvcmUvb2JqZXRzLXRvdXJpc3RpcXVlcy9pbWFnZXMvMTUxLzY5LzIwNjYxNjU1LmpwZw==/image.jpg;https://www.palaisdesfestivals.com/offres/le-musee-ephemere-du-cinema-exposition-the-kid-sur-chaplin-cannes-fr-3699441/
Palais des festivals - Cannes;Le Musée éphèmere du Cinéma - Exposition "The Kid" sur Chaplin;2024-07-18;https://api.cloudly.space/resize/cropratioresize/460/345/60/aHR0cHM6Ly9zdGF0aWMuYXBpZGFlLXRvdXJpc21lLmNvbS9maWxlc3RvcmUvb2JqZXRzLXRvdXJpc3RpcXVlcy9pbWFnZXMvMTUxLzY5LzIwNjYxNjU1LmpwZw==/image.jpg;https://www.palaisdesfestivals.com/offres/le-musee-ephemere-du-cinema-exposition-the-kid-sur-chaplin-cannes-fr-3699441/
Palais des festivals - Cannes;Le Musée éphèmere du Cinéma - Exposition "The Kid" sur Chaplin;2024-07-19;https://api.cloudly.space/resize/cropratioresize/460/345/60/aHR0cHM6Ly9zdGF0aWMuYXBpZGFlLXRvdXJpc21lLmNvbS9maWxlc3RvcmUvb2JqZXRzLXRvdXJpc3RpcXVlcy9pbWFnZXMvMTUxLzY5LzIwNjYxNjU1LmpwZw==/image.jpg;https://www.palaisdesfestivals.com/offres/le-musee-ephemere-du-cinema-exposition-the-kid-sur-chaplin-cannes-fr-3699441/
Palais des festivals - Cannes;Le Musée éphèmere du Cinéma - Exposition "The Kid" sur Chaplin;2024-07-20;https://api.cloudly.space/resize/cropratioresize/460/345/60/aHR0cHM6Ly9zdGF0aWMuYXBpZGFlLXRvdXJpc21lLmNvbS9maWxlc3RvcmUvb2JqZXRzLXRvdXJpc3RpcXVlcy9pbWFnZXMvMTUxLzY5LzIwNjYxNjU1LmpwZw==/image.jpg;https://www.palaisdesfestivals.com/offres/le-musee-ephemere-du-cinema-exposition-the-kid-sur-chaplin-cannes-fr-3699441/
Palais des festivals - Cannes;Le Musée éphèmere du Cinéma - Exposition "The Kid" sur Chaplin;2024-07-21;https://api.cloudly.space/resize/cropratioresize/460/345/60/aHR0cHM6Ly9zdGF0aWMuYXBpZGFlLXRvdXJpc21lLmNvbS9maWxlc3RvcmUvb2JqZXRzLXRvdXJpc3RpcXVlcy9pbWFnZXMvMTUxLzY5LzIwNjYxNjU1LmpwZw==/image.jpg;https://www.palaisdesfestivals.com/offres/le-musee-ephemere-du-cinema-exposition-the-kid-sur-chaplin-cannes-fr-3699441/
Palais des festivals - Cannes;Le Musée éphèmere du Cinéma - Exposition "The Kid" sur Chaplin;2024-07-22;https://api.cloudly.space/resize/cropratioresize/460/345/60/aHR0cHM6Ly9zdGF0aWMuYXBpZGFlLXRvdXJpc21lLmNvbS9maWxlc3RvcmUvb2JqZXRzLXRvdXJpc3RpcXVlcy9pbWFnZXMvMTUxLzY5LzIwNjYxNjU1LmpwZw==/image.jpg;https://www.palaisdesfestivals.com/offres/le-musee-ephemere-du-cinema-exposition-the-kid-sur-chaplin-cannes-fr-3699441/
Palais des festivals - Cannes;Le Musée éphèmere du Cinéma - Exposition "The Kid" sur Chaplin;2024-07-23;https://api.cloudly.space/resize/cropratioresize/460/345/60/aHR0cHM6Ly9zdGF0aWMuYXBpZGFlLXRvdXJpc21lLmNvbS9maWxlc3RvcmUvb2JqZXRzLXRvdXJpc3RpcXVlcy9pbWFnZXMvMTUxLzY5LzIwNjYxNjU1LmpwZw==/image.jpg;https://www.palaisdesfestivals.com/offres/le-musee-ephemere-du-cinema-exposition-the-kid-sur-chaplin-cannes-fr-3699441/
Palais des festivals - Cannes;Le Musée éphèmere du Cinéma - Exposition "The Kid" sur Chaplin;2024-07-24;https://api.cloudly.space/resize/cropratioresize/460/345/60/aHR0cHM6Ly9zdGF0aWMuYXBpZGFlLXRvdXJpc21lLmNvbS9maWxlc3RvcmUvb2JqZXRzLXRvdXJpc3RpcXVlcy9pbWFnZXMvMTUxLzY5LzIwNjYxNjU1LmpwZw==/image.jpg;https://www.palaisdesfestivals.com/offres/le-musee-ephemere-du-cinema-exposition-the-kid-sur-chaplin-cannes-fr-3699441/
Palais des festivals - Cannes;Le Musée éphèmere du Cinéma - Exposition "The Kid" sur Chaplin;2024-07-25;https://api.cloudly.space/resize/cropratioresize/460/345/60/aHR0cHM6Ly9zdGF0aWMuYXBpZGFlLXRvdXJpc21lLmNvbS9maWxlc3RvcmUvb2JqZXRzLXRvdXJpc3RpcXVlcy9pbWFnZXMvMTUxLzY5LzIwNjYxNjU1LmpwZw==/image.jpg;https://www.palaisdesfestivals.com/offres/le-musee-ephemere-du-cinema-exposition-the-kid-sur-chaplin-cannes-fr-3699441/
Palais des festivals - Cannes;Cannes Yachting Festival;2024-08-10;https://api.cloudly.space/resize/cropratioresize/460/345/60/aHR0cHM6Ly9zdGF0aWMuYXBpZGFlLXRvdXJpc21lLmNvbS9maWxlc3RvcmUvb2JqZXRzLXRvdXJpc3RpcXVlcy9pbWFnZXMvNTcvMTcwLzEyOTU0MTY5LmpwZw==/image.jpg;https://www.palaisdesfestivals.com/offres/cannes-yachting-festival-cannes-fr-3606066/
Palais des festivals - Cannes;Cannes Yachting Festival;2024-08-11;https://api.cloudly.space/resize/cropratioresize/460/345/60/aHR0cHM6Ly9zdGF0aWMuYXBpZGFlLXRvdXJpc21lLmNvbS9maWxlc3RvcmUvb2JqZXRzLXRvdXJpc3RpcXVlcy9pbWFnZXMvNTcvMTcwLzEyOTU0MTY5LmpwZw==/image.jpg;https://www.palaisdesfestivals.com/offres/cannes-yachting-festival-cannes-fr-3606066/
Palais des festivals - Cannes;Cannes Yachting Festival;2024-08-12;https://api.cloudly.space/resize/cropratioresize/460/345/60/aHR0cHM6Ly9zdGF0aWMuYXBpZGFlLXRvdXJpc21lLmNvbS9maWxlc3RvcmUvb2JqZXRzLXRvdXJpc3RpcXVlcy9pbWFnZXMvNTcvMTcwLzEyOTU0MTY5LmpwZw==/image.jpg;https://www.palaisdesfestivals.com/offres/cannes-yachting-festival-cannes-fr-3606066/
Palais des festivals - Cannes;Cannes Yachting Festival;2024-08-13;https://api.cloudly.space/resize/cropratioresize/460/345/60/aHR0cHM6Ly9zdGF0aWMuYXBpZGFlLXRvdXJpc21lLmNvbS9maWxlc3RvcmUvb2JqZXRzLXRvdXJpc3RpcXVlcy9pbWFnZXMvNTcvMTcwLzEyOTU0MTY5LmpwZw==/image.jpg;https://www.palaisdesfestivals.com/offres/cannes-yachting-festival-cannes-fr-3606066/
Palais des festivals - Cannes;Cannes Yachting Festival;2024-08-14;https://api.cloudly.space/resize/cropratioresize/460/345/60/aHR0cHM6Ly9zdGF0aWMuYXBpZGFlLXRvdXJpc21lLmNvbS9maWxlc3RvcmUvb2JqZXRzLXRvdXJpc3RpcXVlcy9pbWFnZXMvNTcvMTcwLzEyOTU0MTY5LmpwZw==/image.jpg;https://www.palaisdesfestivals.com/offres/cannes-yachting-festival-cannes-fr-3606066/
Palais des festivals - Cannes;Cannes Yachting Festival;2024-08-15;https://api.cloudly.space/resize/cropratioresize/460/345/60/aHR0cHM6Ly9zdGF0aWMuYXBpZGFlLXRvdXJpc21lLmNvbS9maWxlc3RvcmUvb2JqZXRzLXRvdXJpc3RpcXVlcy9pbWFnZXMvNTcvMTcwLzEyOTU0MTY5LmpwZw==/image.jpg;https://www.palaisdesfestivals.com/offres/cannes-yachting-festival-cannes-fr-3606066/
Palais des festivals - Cannes;Ahmed Sylla;2024-10-26;https://api.cloudly.space/resize/cropratioresize/460/345/60/aHR0cHM6Ly9zdGF0aWMuYXBpZGFlLXRvdXJpc21lLmNvbS9maWxlc3RvcmUvb2JqZXRzLXRvdXJpc3RpcXVlcy9pbWFnZXMvOTgvMTk2LzE5NTgwMDAyLmpwZw==/image.jpg;https://www.palaisdesfestivals.com/offres/ahmed-sylla-cannes-fr-4453714/
