Sharks;Antibes - Lille;2024-01-12;https://www.sharks-antibes.com/logos/sharks-logo-2022.svg;https://www.sharks-antibes.com/calendrier
Sharks;Antibes - Vichy;2024-01-26;https://www.sharks-antibes.com/logos/sharks-logo-2022.svg;https://www.sharks-antibes.com/calendrier
Sharks;Antibes - Pau-Lacq-Orthez;2024-02-02;https://www.sharks-antibes.com/logos/sharks-logo-2022.svg;https://www.sharks-antibes.com/calendrier
Sharks;Antibes - Orl√©ans;2024-02-09;https://www.sharks-antibes.com/logos/sharks-logo-2022.svg;https://www.sharks-antibes.com/calendrier
Sharks;Antibes - Aix-Maurienne;2024-03-08;https://www.sharks-antibes.com/logos/sharks-logo-2022.svg;https://www.sharks-antibes.com/calendrier
Sharks;Antibes - La Rochelle;2024-03-26;https://www.sharks-antibes.com/logos/sharks-logo-2022.svg;https://www.sharks-antibes.com/calendrier
Sharks;Antibes - Gries-Souffel;2024-03-29;https://www.sharks-antibes.com/logos/sharks-logo-2022.svg;https://www.sharks-antibes.com/calendrier
Sharks;Antibes - Fos-sur-Mer;2024-04-09;https://www.sharks-antibes.com/logos/sharks-logo-2022.svg;https://www.sharks-antibes.com/calendrier
Sharks;Antibes - Rouen;2024-04-28;https://www.sharks-antibes.com/logos/sharks-logo-2022.svg;https://www.sharks-antibes.com/calendrier
Sharks;Antibes - Boulazac;2024-05-10;https://www.sharks-antibes.com/logos/sharks-logo-2022.svg;https://www.sharks-antibes.com/calendrier
